Simulation,Year,FracSim,IrrigationAppliedMM,IrrigationAppliedFT,Yield,FracTotaltIrr,PrecipPlusIrrigationMM,PrecipPlusIrrigationFT,FracIrrPlusPrecip,FracYield,LeasedWaterMM,LeasedWaterFT,crop
Continuous deficit all growing season (CDAS),2013,0,1.9,0.01,150.21,0,14.47,0.05,0.03,0.01,454.38,1.49,corn
Continuous deficit all growing season (CDAS),2013,10,45.1,0.15,151.15,0.1,57.67,0.19,0.12,0.01,411.18,1.35,corn
Continuous deficit all growing season (CDAS),2013,20,91.26,0.3,191.69,0.2,103.83,0.34,0.22,0.02,365.02,1.2,corn
Continuous deficit all growing season (CDAS),2013,30,136.88,0.45,678.84,0.3,149.45,0.49,0.32,0.06,319.4,1.05,corn
Continuous deficit all growing season (CDAS),2013,40,182.51,0.6,2059.06,0.4,195.08,0.64,0.42,0.17,273.77,0.9,corn
Continuous deficit all growing season (CDAS),2013,50,228.14,0.75,4093.01,0.5,240.71,0.79,0.51,0.34,228.14,0.75,corn
Continuous deficit all growing season (CDAS),2013,60,273.77,0.9,6593.96,0.6,286.34,0.94,0.61,0.55,182.51,0.6,corn
Continuous deficit all growing season (CDAS),2013,70,319.4,1.05,8693.05,0.7,331.97,1.09,0.71,0.72,136.88,0.45,corn
Continuous deficit all growing season (CDAS),2013,80,365.02,1.2,10813.68,0.8,377.59,1.24,0.81,0.9,91.26,0.3,corn
Continuous deficit all growing season (CDAS),2013,90,410.65,1.35,11997.81,0.9,423.22,1.39,0.9,1,45.63,0.15,corn
Continuous deficit all growing season (CDAS),2013,100,456.28,1.5,11998.09,1,468.85,1.54,1,1,0,0,corn
Continuous deficit all growing season (CDAS),2014,0,2,0.01,3.86,0,18.52,0.06,0.04,0,479.32,1.57,corn
Continuous deficit all growing season (CDAS),2014,10,47.6,0.16,3.41,0.1,64.12,0.21,0.13,0,433.72,1.42,corn
Continuous deficit all growing season (CDAS),2014,20,96.26,0.32,11.37,0.2,112.78,0.37,0.23,0,385.06,1.26,corn
Continuous deficit all growing season (CDAS),2014,30,144.4,0.47,281.23,0.3,160.92,0.53,0.32,0.02,336.93,1.11,corn
Continuous deficit all growing season (CDAS),2014,40,192.53,0.63,1493.73,0.4,209.05,0.69,0.42,0.12,288.79,0.95,corn
Continuous deficit all growing season (CDAS),2014,50,240.66,0.79,3581.38,0.5,257.18,0.84,0.52,0.3,240.66,0.79,corn
Continuous deficit all growing season (CDAS),2014,60,288.79,0.95,5654.05,0.6,305.31,1,0.61,0.47,192.53,0.63,corn
Continuous deficit all growing season (CDAS),2014,70,336.93,1.11,8019.03,0.7,353.45,1.16,0.71,0.67,144.4,0.47,corn
Continuous deficit all growing season (CDAS),2014,80,385.06,1.26,10421.01,0.8,401.58,1.32,0.81,0.86,96.26,0.32,corn
Continuous deficit all growing season (CDAS),2014,90,433.19,1.42,11950.86,0.9,449.71,1.48,0.9,0.99,48.13,0.16,corn
Continuous deficit all growing season (CDAS),2014,100,481.32,1.58,12050.34,1,497.84,1.63,1,1,0,0,corn
Continuous deficit all growing season (CDAS),2015,0,2,0.01,96.35,0,16.85,0.06,0.03,0.01,479.27,1.57,corn
Continuous deficit all growing season (CDAS),2015,10,47.6,0.16,96.35,0.1,62.45,0.2,0.13,0.01,433.67,1.42,corn
Continuous deficit all growing season (CDAS),2015,20,96.25,0.32,85.13,0.2,111.1,0.36,0.22,0.01,385.02,1.26,corn
Continuous deficit all growing season (CDAS),2015,30,144.38,0.47,526.17,0.3,159.23,0.52,0.32,0.04,336.89,1.11,corn
Continuous deficit all growing season (CDAS),2015,40,192.51,0.63,1534.19,0.4,207.36,0.68,0.42,0.13,288.76,0.95,corn
Continuous deficit all growing season (CDAS),2015,50,240.64,0.79,2934.44,0.5,255.49,0.84,0.51,0.24,240.64,0.79,corn
Continuous deficit all growing season (CDAS),2015,60,288.76,0.95,4889.19,0.6,303.61,1,0.61,0.4,192.51,0.63,corn
Continuous deficit all growing season (CDAS),2015,70,336.89,1.11,7884.84,0.7,351.74,1.15,0.71,0.65,144.38,0.47,corn
Continuous deficit all growing season (CDAS),2015,80,385.02,1.26,10393.75,0.8,399.87,1.31,0.81,0.85,96.25,0.32,corn
Continuous deficit all growing season (CDAS),2015,90,433.15,1.42,11869.11,0.9,448,1.47,0.9,0.98,48.13,0.16,corn
Continuous deficit all growing season (CDAS),2015,100,481.27,1.58,12166.71,1,496.12,1.63,1,1,0,0,corn
Continuous deficit all growing season (CDAS),2016,0,1.9,0.01,460.56,0,21.86,0.07,0.05,0.03,454.3,1.49,corn
Continuous deficit all growing season (CDAS),2016,10,45.1,0.15,457.86,0.1,65.06,0.21,0.14,0.03,411.1,1.35,corn
Continuous deficit all growing season (CDAS),2016,20,91.24,0.3,781.75,0.2,111.2,0.36,0.23,0.06,364.96,1.2,corn
Continuous deficit all growing season (CDAS),2016,30,136.86,0.45,2128.91,0.3,156.82,0.51,0.33,0.16,319.34,1.05,corn
Continuous deficit all growing season (CDAS),2016,40,182.48,0.6,4157.61,0.4,202.44,0.66,0.43,0.31,273.72,0.9,corn
Continuous deficit all growing season (CDAS),2016,50,228.1,0.75,6263.52,0.5,248.06,0.81,0.52,0.47,228.1,0.75,corn
Continuous deficit all growing season (CDAS),2016,60,273.72,0.9,8107.97,0.6,293.68,0.96,0.62,0.61,182.48,0.6,corn
Continuous deficit all growing season (CDAS),2016,70,319.34,1.05,10014.65,0.7,339.3,1.11,0.71,0.76,136.86,0.45,corn
Continuous deficit all growing season (CDAS),2016,80,364.96,1.2,11731.76,0.8,384.92,1.26,0.81,0.89,91.24,0.3,corn
Continuous deficit all growing season (CDAS),2016,90,410.58,1.35,13072.29,0.9,430.54,1.41,0.9,0.99,45.62,0.15,corn
Continuous deficit all growing season (CDAS),2016,100,456.2,1.5,13241.38,1,476.16,1.56,1,1,0,0,corn
Continuous deficit all growing season (CDAS),2017,0,1.7,0.01,108.04,0,22.23,0.07,0.05,0.01,404.62,1.33,corn
Continuous deficit all growing season (CDAS),2017,10,40.1,0.13,105.18,0.1,60.63,0.2,0.14,0.01,366.22,1.2,corn
Continuous deficit all growing season (CDAS),2017,20,81.26,0.27,504.31,0.2,101.79,0.33,0.24,0.04,325.06,1.07,corn
Continuous deficit all growing season (CDAS),2017,30,121.9,0.4,1631.52,0.3,142.43,0.47,0.33,0.14,284.43,0.93,corn
Continuous deficit all growing season (CDAS),2017,40,162.53,0.53,2963.65,0.4,183.06,0.6,0.43,0.25,243.79,0.8,corn
Continuous deficit all growing season (CDAS),2017,50,203.16,0.67,5120.08,0.5,223.69,0.73,0.52,0.44,203.16,0.67,corn
Continuous deficit all growing season (CDAS),2017,60,243.79,0.8,7086.65,0.6,264.32,0.87,0.62,0.61,162.53,0.53,corn
Continuous deficit all growing season (CDAS),2017,70,284.43,0.93,8896.84,0.7,304.96,1,0.71,0.76,121.9,0.4,corn
Continuous deficit all growing season (CDAS),2017,80,325.06,1.07,10646.52,0.8,345.59,1.13,0.81,0.91,81.26,0.27,corn
Continuous deficit all growing season (CDAS),2017,90,365.69,1.2,11702.69,0.9,386.22,1.27,0.9,1,40.63,0.13,corn
Continuous deficit all growing season (CDAS),2017,100,406.32,1.33,11704.25,1,426.85,1.4,1,1,0,0,corn
Continuous deficit all growing season (CDAS),2018,0,2.2,0.01,73.22,0,17.15,0.06,0.03,0.01,529.12,1.74,corn
Continuous deficit all growing season (CDAS),2018,10,52.6,0.17,73.22,0.1,67.55,0.22,0.12,0.01,478.72,1.57,corn
Continuous deficit all growing season (CDAS),2018,20,106.26,0.35,99.23,0.2,121.21,0.4,0.22,0.01,425.06,1.39,corn
Continuous deficit all growing season (CDAS),2018,30,159.4,0.52,612.84,0.3,174.35,0.57,0.32,0.05,371.93,1.22,corn
Continuous deficit all growing season (CDAS),2018,40,212.53,0.7,2057.88,0.4,227.48,0.75,0.42,0.17,318.79,1.05,corn
Continuous deficit all growing season (CDAS),2018,50,265.66,0.87,3855.53,0.5,280.61,0.92,0.51,0.31,265.66,0.87,corn
Continuous deficit all growing season (CDAS),2018,60,318.79,1.05,5952.87,0.6,333.74,1.09,0.61,0.48,212.53,0.7,corn
Continuous deficit all growing season (CDAS),2018,70,371.93,1.22,7790.93,0.7,386.88,1.27,0.71,0.63,159.4,0.52,corn
Continuous deficit all growing season (CDAS),2018,80,425.06,1.39,10482.64,0.8,440.01,1.44,0.81,0.84,106.26,0.35,corn
Continuous deficit all growing season (CDAS),2018,90,478.19,1.57,12149.97,0.9,493.14,1.62,0.9,0.97,53.13,0.17,corn
Continuous deficit all growing season (CDAS),2018,100,531.32,1.74,12461.91,1,546.27,1.79,1,1,0,0,corn
Continuous deficit except during flowering (CDEF),2017,0,26.6,0.09,1431.81,0.07,47.13,0.15,0.11,0.12,379.72,1.25,corn
Continuous deficit except during flowering (CDEF),2013,0,51.7,0.17,2116.53,0.11,64.27,0.21,0.14,0.18,404.58,1.33,corn
Continuous deficit except during flowering (CDEF),2016,0,51.7,0.17,2945.04,0.11,71.66,0.24,0.15,0.22,404.5,1.33,corn
Continuous deficit except during flowering (CDEF),2014,0,51.8,0.17,598.92,0.11,68.32,0.22,0.14,0.05,429.52,1.41,corn
Continuous deficit except during flowering (CDEF),2015,0,51.8,0.17,2093.1,0.11,66.65,0.22,0.13,0.17,429.47,1.41,corn
Continuous deficit except during flowering (CDEF),2018,0,52,0.17,1800.05,0.1,66.95,0.22,0.12,0.14,479.32,1.57,corn
Continuous deficit except during flowering (CDEF),2017,10,62.6,0.21,1435.31,0.15,83.13,0.27,0.19,0.12,343.72,1.13,corn
Continuous deficit except during flowering (CDEF),2013,10,90.1,0.3,2146.88,0.2,102.67,0.34,0.22,0.18,366.18,1.2,corn
Continuous deficit except during flowering (CDEF),2016,10,90.1,0.3,3060.61,0.2,110.06,0.36,0.23,0.23,366.1,1.2,corn
Continuous deficit except during flowering (CDEF),2014,10,92.6,0.3,603.6,0.19,109.12,0.36,0.22,0.05,388.72,1.28,corn
Continuous deficit except during flowering (CDEF),2015,10,92.6,0.3,2094.59,0.19,107.45,0.35,0.22,0.17,388.67,1.28,corn
Continuous deficit except during flowering (CDEF),2018,10,97.6,0.32,1803.32,0.18,112.55,0.37,0.21,0.14,433.72,1.42,corn
Continuous deficit except during flowering (CDEF),2017,20,101.26,0.33,2246.58,0.25,121.79,0.4,0.29,0.19,305.06,1,corn
Continuous deficit except during flowering (CDEF),2016,20,131.24,0.43,3436.92,0.29,151.2,0.5,0.32,0.26,324.96,1.07,corn
Continuous deficit except during flowering (CDEF),2013,20,131.26,0.43,2245.64,0.29,143.83,0.47,0.31,0.19,325.02,1.07,corn
Continuous deficit except during flowering (CDEF),2015,20,136.25,0.45,2115.77,0.28,151.1,0.5,0.3,0.17,345.02,1.13,corn
Continuous deficit except during flowering (CDEF),2014,20,136.26,0.45,622.33,0.28,152.78,0.5,0.31,0.05,345.06,1.13,corn
Continuous deficit except during flowering (CDEF),2017,30,139.4,0.46,3670.51,0.34,159.93,0.52,0.37,0.31,266.93,0.88,corn
Continuous deficit except during flowering (CDEF),2018,20,146.26,0.48,1834.93,0.28,161.21,0.53,0.3,0.15,385.06,1.26,corn
Continuous deficit except during flowering (CDEF),2016,30,171.86,0.56,4870.59,0.38,191.82,0.63,0.4,0.37,284.34,0.93,corn
Continuous deficit except during flowering (CDEF),2013,30,171.88,0.56,3236.08,0.38,184.45,0.61,0.39,0.27,284.4,0.93,corn
Continuous deficit except during flowering (CDEF),2017,40,177.53,0.58,4850.74,0.44,198.06,0.65,0.46,0.41,228.79,0.75,corn
Continuous deficit except during flowering (CDEF),2015,30,179.38,0.59,3143.33,0.37,194.23,0.64,0.39,0.26,301.89,0.99,corn
Continuous deficit except during flowering (CDEF),2014,30,179.4,0.59,1044.97,0.37,195.92,0.64,0.39,0.09,301.93,0.99,corn
Continuous deficit except during flowering (CDEF),2018,30,194.4,0.64,2747.54,0.37,209.35,0.69,0.38,0.22,336.93,1.11,corn
Continuous deficit except during flowering (CDEF),2016,40,212.48,0.7,6551.71,0.47,232.44,0.76,0.49,0.49,243.72,0.8,corn
Continuous deficit except during flowering (CDEF),2013,40,212.51,0.7,4817.15,0.47,225.08,0.74,0.48,0.4,243.77,0.8,corn
Continuous deficit except during flowering (CDEF),2017,50,215.66,0.71,6386.6,0.53,236.19,0.77,0.55,0.55,190.66,0.63,corn
Continuous deficit except during flowering (CDEF),2015,40,222.51,0.73,4392.26,0.46,237.36,0.78,0.48,0.36,258.76,0.85,corn
Continuous deficit except during flowering (CDEF),2014,40,222.53,0.73,2312.1,0.46,239.05,0.78,0.48,0.19,258.79,0.85,corn
Continuous deficit except during flowering (CDEF),2018,40,242.53,0.8,4515.78,0.46,257.48,0.84,0.47,0.36,288.79,0.95,corn
Continuous deficit except during flowering (CDEF),2016,50,253.1,0.83,7983.08,0.55,273.06,0.9,0.57,0.6,203.1,0.67,corn
Continuous deficit except during flowering (CDEF),2013,50,253.14,0.83,6629.47,0.55,265.71,0.87,0.57,0.55,203.14,0.67,corn
Continuous deficit except during flowering (CDEF),2017,60,253.79,0.83,7894.34,0.62,274.32,0.9,0.64,0.67,152.53,0.5,corn
Continuous deficit except during flowering (CDEF),2015,50,265.64,0.87,5719.53,0.55,280.49,0.92,0.57,0.47,215.64,0.71,corn
Continuous deficit except during flowering (CDEF),2014,50,265.66,0.87,4419.83,0.55,282.18,0.93,0.57,0.37,215.66,0.71,corn
Continuous deficit except during flowering (CDEF),2018,50,290.66,0.95,6081.32,0.55,305.61,1,0.56,0.49,240.66,0.79,corn
Continuous deficit except during flowering (CDEF),2017,70,291.93,0.96,9461.92,0.72,312.46,1.03,0.73,0.81,114.4,0.38,corn
Continuous deficit except during flowering (CDEF),2016,60,293.72,0.96,9261.55,0.64,313.68,1.03,0.66,0.7,162.48,0.53,corn
Continuous deficit except during flowering (CDEF),2013,60,293.77,0.96,8277.89,0.64,306.34,1.01,0.65,0.69,162.51,0.53,corn
Continuous deficit except during flowering (CDEF),2015,60,308.76,1.01,7208.48,0.64,323.61,1.06,0.65,0.59,172.51,0.57,corn
Continuous deficit except during flowering (CDEF),2014,60,308.79,1.01,6574.94,0.64,325.31,1.07,0.65,0.55,172.53,0.57,corn
Continuous deficit except during flowering (CDEF),2017,80,330.06,1.08,10933.64,0.81,350.59,1.15,0.82,0.93,76.26,0.25,corn
Continuous deficit except during flowering (CDEF),2016,70,334.34,1.1,10734.51,0.73,354.3,1.16,0.74,0.81,121.86,0.4,corn
Continuous deficit except during flowering (CDEF),2013,70,334.4,1.1,9764.56,0.73,346.97,1.14,0.74,0.81,121.88,0.4,corn
Continuous deficit except during flowering (CDEF),2018,60,338.79,1.11,7783.75,0.64,353.74,1.16,0.65,0.62,192.53,0.63,corn
Continuous deficit except during flowering (CDEF),2015,70,351.89,1.15,9238.53,0.73,366.74,1.2,0.74,0.76,129.38,0.42,corn
Continuous deficit except during flowering (CDEF),2014,70,351.93,1.15,9068.37,0.73,368.45,1.21,0.74,0.75,129.4,0.42,corn
Continuous deficit except during flowering (CDEF),2017,90,368.19,1.21,11704.17,0.91,388.72,1.28,0.91,1,38.13,0.13,corn
Continuous deficit except during flowering (CDEF),2016,80,374.96,1.23,12165.98,0.82,394.92,1.3,0.83,0.92,81.24,0.27,corn
Continuous deficit except during flowering (CDEF),2013,80,375.02,1.23,11206.17,0.82,387.59,1.27,0.83,0.93,81.26,0.27,corn
Continuous deficit except during flowering (CDEF),2018,70,386.93,1.27,9190.84,0.73,401.88,1.32,0.74,0.74,144.4,0.47,corn
Continuous deficit except during flowering (CDEF),2015,80,395.02,1.3,10887.99,0.82,409.87,1.34,0.83,0.89,86.25,0.28,corn
Continuous deficit except during flowering (CDEF),2014,80,395.06,1.3,10869.03,0.82,411.58,1.35,0.83,0.9,86.26,0.28,corn
Continuous deficit except during flowering (CDEF),2017,100,406.32,1.33,11704.25,1,426.85,1.4,1,1,0,0,corn
Continuous deficit except during flowering (CDEF),2016,90,415.58,1.36,13134.84,0.91,435.54,1.43,0.91,0.99,40.62,0.13,corn
Continuous deficit except during flowering (CDEF),2013,90,415.65,1.36,11998.09,0.91,428.22,1.4,0.91,1,40.63,0.13,corn
Continuous deficit except during flowering (CDEF),2018,80,435.06,1.43,11067.65,0.82,450.01,1.48,0.82,0.89,96.26,0.32,corn
Continuous deficit except during flowering (CDEF),2015,90,438.15,1.44,11951.9,0.91,453,1.49,0.91,0.98,43.13,0.14,corn
Continuous deficit except during flowering (CDEF),2014,90,438.19,1.44,12022.3,0.91,454.71,1.49,0.91,1,43.13,0.14,corn
Continuous deficit except during flowering (CDEF),2016,100,456.2,1.5,13241.38,1,476.16,1.56,1,1,0,0,corn
Continuous deficit except during flowering (CDEF),2013,100,456.28,1.5,11998.09,1,468.85,1.54,1,1,0,0,corn
Continuous deficit except during flowering (CDEF),2015,100,481.27,1.58,12166.71,1,496.12,1.63,1,1,0,0,corn
Continuous deficit except during flowering (CDEF),2014,100,481.32,1.58,12050.34,1,497.84,1.63,1,1,0,0,corn
Continuous deficit except during flowering (CDEF),2018,90,483.19,1.59,12243.4,0.91,498.14,1.63,0.91,0.98,48.13,0.16,corn
Continuous deficit except during flowering (CDEF),2018,100,531.32,1.74,12461.91,1,546.27,1.79,1,1,0,0,corn
Continuous deficit after June 1 (CDAJ1),2013,0,32.98,0.11,152.36,0.07,45.55,0.15,0.1,0.01,423.3,1.39,corn
Continuous deficit after June 1 (CDAJ1),2013,10,73.78,0.24,177.74,0.16,86.35,0.28,0.18,0.01,382.5,1.25,corn
Continuous deficit after June 1 (CDAJ1),2013,20,116.28,0.38,436.44,0.25,128.85,0.42,0.27,0.04,340,1.12,corn
Continuous deficit after June 1 (CDAJ1),2013,30,158.78,0.52,1371.93,0.35,171.35,0.56,0.37,0.11,297.5,0.98,corn
Continuous deficit after June 1 (CDAJ1),2013,40,201.28,0.66,2789.64,0.44,213.85,0.7,0.46,0.23,255,0.84,corn
Continuous deficit after June 1 (CDAJ1),2013,50,243.78,0.8,4718.01,0.53,256.35,0.84,0.55,0.39,212.5,0.7,corn
Continuous deficit after June 1 (CDAJ1),2013,60,286.28,0.94,7197.58,0.63,298.85,0.98,0.64,0.6,170,0.56,corn
Continuous deficit after June 1 (CDAJ1),2013,70,328.78,1.08,9266.1,0.72,341.35,1.12,0.73,0.77,127.5,0.42,corn
Continuous deficit after June 1 (CDAJ1),2013,80,371.28,1.22,11003.44,0.81,383.85,1.26,0.82,0.92,85,0.28,corn
Continuous deficit after June 1 (CDAJ1),2013,90,413.78,1.36,11998.09,0.91,426.35,1.4,0.91,1,42.5,0.14,corn
Continuous deficit after June 1 (CDAJ1),2013,100,456.28,1.5,11998.09,1,468.85,1.54,1,1,0,0,corn
Continuous deficit after June 1 (CDAJ1),2014,0,33.12,0.11,3.18,0.07,49.64,0.16,0.1,0,448.2,1.47,corn
Continuous deficit after June 1 (CDAJ1),2014,10,76.32,0.25,0.47,0.16,92.84,0.3,0.19,0,405,1.33,corn
Continuous deficit after June 1 (CDAJ1),2014,20,121.32,0.4,46.49,0.25,137.84,0.45,0.28,0,360,1.18,corn
Continuous deficit after June 1 (CDAJ1),2014,30,166.32,0.55,1079.39,0.35,182.84,0.6,0.37,0.09,315,1.03,corn
Continuous deficit after June 1 (CDAJ1),2014,40,211.32,0.69,2413.9,0.44,227.84,0.75,0.46,0.2,270,0.89,corn
Continuous deficit after June 1 (CDAJ1),2014,50,256.32,0.84,4267.43,0.53,272.84,0.9,0.55,0.35,225,0.74,corn
Continuous deficit after June 1 (CDAJ1),2014,60,301.32,0.99,5915.37,0.63,317.84,1.04,0.64,0.49,180,0.59,corn
Continuous deficit after June 1 (CDAJ1),2014,70,346.32,1.14,8514.49,0.72,362.84,1.19,0.73,0.71,135,0.44,corn
Continuous deficit after June 1 (CDAJ1),2014,80,391.32,1.28,10669.85,0.81,407.84,1.34,0.82,0.89,90,0.3,corn
Continuous deficit after June 1 (CDAJ1),2014,90,436.32,1.43,12000.99,0.91,452.84,1.49,0.91,1,45,0.15,corn
Continuous deficit after June 1 (CDAJ1),2014,100,481.32,1.58,12050.34,1,497.84,1.63,1,1,0,0,corn
Continuous deficit after June 1 (CDAJ1),2015,0,8.17,0.03,96.35,0.02,23.02,0.08,0.05,0.01,473.1,1.55,corn
Continuous deficit after June 1 (CDAJ1),2015,10,53.77,0.18,96.35,0.11,68.62,0.23,0.14,0.01,427.5,1.4,corn
Continuous deficit after June 1 (CDAJ1),2015,20,101.27,0.33,85.13,0.21,116.12,0.38,0.23,0.01,380,1.25,corn
Continuous deficit after June 1 (CDAJ1),2015,30,148.77,0.49,526.17,0.31,163.62,0.54,0.33,0.04,332.5,1.09,corn
Continuous deficit after June 1 (CDAJ1),2015,40,196.27,0.64,1534.19,0.41,211.12,0.69,0.43,0.13,285,0.94,corn
Continuous deficit after June 1 (CDAJ1),2015,50,243.77,0.8,2934.44,0.51,258.62,0.85,0.52,0.24,237.5,0.78,corn
Continuous deficit after June 1 (CDAJ1),2015,60,291.27,0.96,4889.19,0.61,306.12,1,0.62,0.4,190,0.62,corn
Continuous deficit after June 1 (CDAJ1),2015,70,338.77,1.11,7884.84,0.7,353.62,1.16,0.71,0.65,142.5,0.47,corn
Continuous deficit after June 1 (CDAJ1),2015,80,386.27,1.27,10393.75,0.8,401.12,1.32,0.81,0.85,95,0.31,corn
Continuous deficit after June 1 (CDAJ1),2015,90,433.77,1.42,11869.11,0.9,448.62,1.47,0.9,0.98,47.5,0.16,corn
Continuous deficit after June 1 (CDAJ1),2015,100,481.27,1.58,12166.71,1,496.12,1.63,1,1,0,0,corn
Continuous deficit after June 1 (CDAJ1),2016,0,8,0.03,460.56,0.02,27.96,0.09,0.06,0.03,448.2,1.47,corn
Continuous deficit after June 1 (CDAJ1),2016,10,51.2,0.17,457.86,0.11,71.16,0.23,0.15,0.03,405,1.33,corn
Continuous deficit after June 1 (CDAJ1),2016,20,96.2,0.32,781.75,0.21,116.16,0.38,0.24,0.06,360,1.18,corn
Continuous deficit after June 1 (CDAJ1),2016,30,141.2,0.46,2128.91,0.31,161.16,0.53,0.34,0.16,315,1.03,corn
Continuous deficit after June 1 (CDAJ1),2016,40,186.2,0.61,4157.61,0.41,206.16,0.68,0.43,0.31,270,0.89,corn
Continuous deficit after June 1 (CDAJ1),2016,50,231.2,0.76,6263.52,0.51,251.16,0.82,0.53,0.47,225,0.74,corn
Continuous deficit after June 1 (CDAJ1),2016,60,276.2,0.91,8107.97,0.61,296.16,0.97,0.62,0.61,180,0.59,corn
Continuous deficit after June 1 (CDAJ1),2016,70,321.2,1.05,10014.65,0.7,341.16,1.12,0.72,0.76,135,0.44,corn
Continuous deficit after June 1 (CDAJ1),2016,80,366.2,1.2,11731.76,0.8,386.16,1.27,0.81,0.89,90,0.3,corn
Continuous deficit after June 1 (CDAJ1),2016,90,411.2,1.35,13072.29,0.9,431.16,1.41,0.91,0.99,45,0.15,corn
Continuous deficit after June 1 (CDAJ1),2016,100,456.2,1.5,13241.38,1,476.16,1.56,1,1,0,0,corn
Continuous deficit after June 1 (CDAJ1),2017,0,7.92,0.03,108.04,0.02,28.45,0.09,0.07,0.01,398.4,1.31,corn
Continuous deficit after June 1 (CDAJ1),2017,10,46.32,0.15,105.18,0.11,66.85,0.22,0.16,0.01,360,1.18,corn
Continuous deficit after June 1 (CDAJ1),2017,20,86.32,0.28,504.31,0.21,106.85,0.35,0.25,0.04,320,1.05,corn
Continuous deficit after June 1 (CDAJ1),2017,30,126.32,0.41,1631.52,0.31,146.85,0.48,0.34,0.14,280,0.92,corn
Continuous deficit after June 1 (CDAJ1),2017,40,166.32,0.55,2963.65,0.41,186.85,0.61,0.44,0.25,240,0.79,corn
Continuous deficit after June 1 (CDAJ1),2017,50,206.32,0.68,5120.08,0.51,226.85,0.74,0.53,0.44,200,0.66,corn
Continuous deficit after June 1 (CDAJ1),2017,60,246.32,0.81,7086.65,0.61,266.85,0.88,0.63,0.61,160,0.52,corn
Continuous deficit after June 1 (CDAJ1),2017,70,286.32,0.94,8896.84,0.7,306.85,1.01,0.72,0.76,120,0.39,corn
Continuous deficit after June 1 (CDAJ1),2017,80,326.32,1.07,10646.52,0.8,346.85,1.14,0.81,0.91,80,0.26,corn
Continuous deficit after June 1 (CDAJ1),2017,90,366.32,1.2,11702.69,0.9,386.85,1.27,0.91,1,40,0.13,corn
Continuous deficit after June 1 (CDAJ1),2017,100,406.32,1.33,11704.25,1,426.85,1.4,1,1,0,0,corn
Continuous deficit after June 1 (CDAJ1),2018,0,33.32,0.11,81.48,0.06,48.27,0.16,0.09,0.01,498,1.63,corn
Continuous deficit after June 1 (CDAJ1),2018,10,81.32,0.27,82.44,0.15,96.27,0.32,0.18,0.01,450,1.48,corn
Continuous deficit after June 1 (CDAJ1),2018,20,131.32,0.43,396.71,0.25,146.27,0.48,0.27,0.03,400,1.31,corn
Continuous deficit after June 1 (CDAJ1),2018,30,181.32,0.59,1200.92,0.34,196.27,0.64,0.36,0.1,350,1.15,corn
Continuous deficit after June 1 (CDAJ1),2018,40,231.32,0.76,2623.52,0.44,246.27,0.81,0.45,0.21,300,0.98,corn
Continuous deficit after June 1 (CDAJ1),2018,50,281.32,0.92,4318.72,0.53,296.27,0.97,0.54,0.35,250,0.82,corn
Continuous deficit after June 1 (CDAJ1),2018,60,331.32,1.09,6039.54,0.62,346.27,1.14,0.63,0.48,200,0.66,corn
Continuous deficit after June 1 (CDAJ1),2018,70,381.32,1.25,8224.97,0.72,396.27,1.3,0.73,0.66,150,0.49,corn
Continuous deficit after June 1 (CDAJ1),2018,80,431.32,1.42,10787.96,0.81,446.27,1.46,0.82,0.87,100,0.33,corn
Continuous deficit after June 1 (CDAJ1),2018,90,481.32,1.58,12197.75,0.91,496.27,1.63,0.91,0.98,50,0.16,corn
Continuous deficit after June 1 (CDAJ1),2018,100,531.32,1.74,12461.91,1,546.27,1.79,1,1,0,0,corn
Continuous deficit after flowering (CDAF),2017,0,157.32,0.52,4735.41,0.39,177.85,0.58,0.42,0.4,249,0.82,corn
Continuous deficit after flowering (CDAF),2017,10,181.32,0.59,5145.48,0.45,201.85,0.66,0.47,0.44,225,0.74,corn
Continuous deficit after flowering (CDAF),2017,20,206.32,0.68,6173.61,0.51,226.85,0.74,0.53,0.53,200,0.66,corn
Continuous deficit after flowering (CDAF),2016,0,207.2,0.68,6547.27,0.45,227.16,0.75,0.48,0.49,249,0.82,corn
Continuous deficit after flowering (CDAF),2013,0,207.28,0.68,5372.31,0.45,219.85,0.72,0.47,0.45,249,0.82,corn
Continuous deficit after flowering (CDAF),2015,0,207.37,0.68,4868.52,0.43,222.22,0.73,0.45,0.4,273.9,0.9,corn
Continuous deficit after flowering (CDAF),2016,10,231.2,0.76,6984.97,0.51,251.16,0.82,0.53,0.53,225,0.74,corn
Continuous deficit after flowering (CDAF),2013,10,231.28,0.76,5836.38,0.51,243.85,0.8,0.52,0.49,225,0.74,corn
Continuous deficit after flowering (CDAF),2017,30,231.32,0.76,7247.61,0.57,251.85,0.83,0.59,0.62,175,0.57,corn
Continuous deficit after flowering (CDAF),2015,10,233.77,0.77,5239.65,0.49,248.62,0.82,0.5,0.43,247.5,0.81,corn
Continuous deficit after flowering (CDAF),2016,20,256.2,0.84,8009.29,0.56,276.16,0.91,0.58,0.6,200,0.66,corn
Continuous deficit after flowering (CDAF),2013,20,256.28,0.84,6802.22,0.56,268.85,0.88,0.57,0.57,200,0.66,corn
Continuous deficit after flowering (CDAF),2017,40,256.32,0.84,8221.49,0.63,276.85,0.91,0.65,0.7,150,0.49,corn
Continuous deficit after flowering (CDAF),2014,0,257.22,0.84,5704.77,0.53,273.74,0.9,0.55,0.47,224.1,0.74,corn
Continuous deficit after flowering (CDAF),2018,0,257.42,0.84,5229.15,0.48,272.37,0.89,0.5,0.42,273.9,0.9,corn
Continuous deficit after flowering (CDAF),2015,20,261.27,0.86,6215.54,0.54,276.12,0.91,0.56,0.51,220,0.72,corn
Continuous deficit after flowering (CDAF),2014,10,278.82,0.91,6168.36,0.58,295.34,0.97,0.59,0.51,202.5,0.66,corn
Continuous deficit after flowering (CDAF),2016,30,281.2,0.92,9100.11,0.62,301.16,0.99,0.63,0.69,175,0.57,corn
Continuous deficit after flowering (CDAF),2013,30,281.28,0.92,7763.6,0.62,293.85,0.96,0.63,0.65,175,0.57,corn
Continuous deficit after flowering (CDAF),2017,50,281.32,0.92,9268.82,0.69,301.85,0.99,0.71,0.79,125,0.41,corn
Continuous deficit after flowering (CDAF),2018,10,283.82,0.93,5648.52,0.53,298.77,0.98,0.55,0.45,247.5,0.81,corn
Continuous deficit after flowering (CDAF),2015,30,288.77,0.95,7379.87,0.6,303.62,1,0.61,0.61,192.5,0.63,corn
Continuous deficit after flowering (CDAF),2014,20,301.32,0.99,7135.72,0.63,317.84,1.04,0.64,0.59,180,0.59,corn
Continuous deficit after flowering (CDAF),2016,40,306.2,1,10050.67,0.67,326.16,1.07,0.68,0.76,150,0.49,corn
Continuous deficit after flowering (CDAF),2013,40,306.28,1,8703.8,0.67,318.85,1.05,0.68,0.73,150,0.49,corn
Continuous deficit after flowering (CDAF),2017,60,306.32,1,10182.3,0.75,326.85,1.07,0.77,0.87,100,0.33,corn
Continuous deficit after flowering (CDAF),2018,20,311.32,1.02,6765.79,0.59,326.27,1.07,0.6,0.54,220,0.72,corn
Continuous deficit after flowering (CDAF),2015,40,316.27,1.04,8435.13,0.66,331.12,1.09,0.67,0.69,165,0.54,corn
Continuous deficit after flowering (CDAF),2014,30,323.82,1.06,8130.96,0.67,340.34,1.12,0.68,0.67,157.5,0.52,corn
Continuous deficit after flowering (CDAF),2016,50,331.2,1.09,10920.85,0.73,351.16,1.15,0.74,0.82,125,0.41,corn
Continuous deficit after flowering (CDAF),2013,50,331.28,1.09,9610.2,0.73,343.85,1.13,0.73,0.8,125,0.41,corn
Continuous deficit after flowering (CDAF),2017,70,331.32,1.09,11118.21,0.82,351.85,1.15,0.82,0.95,75,0.25,corn
Continuous deficit after flowering (CDAF),2018,30,338.82,1.11,7904.82,0.64,353.77,1.16,0.65,0.63,192.5,0.63,corn
Continuous deficit after flowering (CDAF),2015,50,343.77,1.13,9404.43,0.71,358.62,1.18,0.72,0.77,137.5,0.45,corn
Continuous deficit after flowering (CDAF),2014,40,346.32,1.14,9132.06,0.72,362.84,1.19,0.73,0.76,135,0.44,corn
Continuous deficit after flowering (CDAF),2016,60,356.2,1.17,11765,0.78,376.16,1.23,0.79,0.89,100,0.33,corn
Continuous deficit after flowering (CDAF),2013,60,356.28,1.17,10570.26,0.78,368.85,1.21,0.79,0.88,100,0.33,corn
Continuous deficit after flowering (CDAF),2017,80,356.32,1.17,11691.29,0.88,376.85,1.24,0.88,1,50,0.16,corn
Continuous deficit after flowering (CDAF),2018,40,366.32,1.2,8994.28,0.69,381.27,1.25,0.7,0.72,165,0.54,corn
Continuous deficit after flowering (CDAF),2014,50,368.82,1.21,10060.49,0.77,385.34,1.26,0.77,0.83,112.5,0.37,corn
Continuous deficit after flowering (CDAF),2015,60,371.27,1.22,10374.73,0.77,386.12,1.27,0.78,0.85,110,0.36,corn
Continuous deficit after flowering (CDAF),2016,70,381.2,1.25,12580.81,0.84,401.16,1.32,0.84,0.95,75,0.25,corn
Continuous deficit after flowering (CDAF),2013,70,381.28,1.25,11540.63,0.84,393.85,1.29,0.84,0.96,75,0.25,corn
Continuous deficit after flowering (CDAF),2017,90,381.32,1.25,11704.25,0.94,401.85,1.32,0.94,1,25,0.08,corn
Continuous deficit after flowering (CDAF),2014,60,391.32,1.28,10922.1,0.81,407.84,1.34,0.82,0.91,90,0.3,corn
Continuous deficit after flowering (CDAF),2018,50,393.82,1.29,9950.68,0.74,408.77,1.34,0.75,0.8,137.5,0.45,corn
Continuous deficit after flowering (CDAF),2015,70,398.77,1.31,11218.51,0.83,413.62,1.36,0.83,0.92,82.5,0.27,corn
Continuous deficit after flowering (CDAF),2016,80,406.2,1.33,13112.39,0.89,426.16,1.4,0.89,0.99,50,0.16,corn
Continuous deficit after flowering (CDAF),2013,80,406.28,1.33,11996.89,0.89,418.85,1.37,0.89,1,50,0.16,corn
Continuous deficit after flowering (CDAF),2017,100,406.32,1.33,11704.25,1,426.85,1.4,1,1,0,0,corn
Continuous deficit after flowering (CDAF),2014,70,413.82,1.36,11693.82,0.86,430.34,1.41,0.86,0.97,67.5,0.22,corn
Continuous deficit after flowering (CDAF),2018,60,421.32,1.38,10859.26,0.79,436.27,1.43,0.8,0.87,110,0.36,corn
Continuous deficit after flowering (CDAF),2015,80,426.27,1.4,11920.81,0.89,441.12,1.45,0.89,0.98,55,0.18,corn
Continuous deficit after flowering (CDAF),2016,90,431.2,1.41,13231.99,0.95,451.16,1.48,0.95,1,25,0.08,corn
Continuous deficit after flowering (CDAF),2013,90,431.28,1.41,11998.09,0.95,443.85,1.46,0.95,1,25,0.08,corn
Continuous deficit after flowering (CDAF),2014,80,436.32,1.43,12045.24,0.91,452.84,1.49,0.91,1,45,0.15,corn
Continuous deficit after flowering (CDAF),2018,70,448.82,1.47,11763.33,0.84,463.77,1.52,0.85,0.94,82.5,0.27,corn
Continuous deficit after flowering (CDAF),2015,90,453.77,1.49,12113.1,0.94,468.62,1.54,0.94,1,27.5,0.09,corn
Continuous deficit after flowering (CDAF),2016,100,456.2,1.5,13241.38,1,476.16,1.56,1,1,0,0,corn
Continuous deficit after flowering (CDAF),2013,100,456.28,1.5,11998.09,1,468.85,1.54,1,1,0,0,corn
Continuous deficit after flowering (CDAF),2014,90,458.82,1.51,12050.34,0.95,475.34,1.56,0.95,1,22.5,0.07,corn
Continuous deficit after flowering (CDAF),2018,80,476.32,1.56,12301.93,0.9,491.27,1.61,0.9,0.99,55,0.18,corn
Continuous deficit after flowering (CDAF),2015,100,481.27,1.58,12166.71,1,496.12,1.63,1,1,0,0,corn
Continuous deficit after flowering (CDAF),2014,100,481.32,1.58,12050.34,1,497.84,1.63,1,1,0,0,corn
Continuous deficit after flowering (CDAF),2018,90,503.82,1.65,12437.94,0.95,518.77,1.7,0.95,1,27.5,0.09,corn
Continuous deficit after flowering (CDAF),2018,100,531.32,1.74,12461.91,1,546.27,1.79,1,1,0,0,corn
Envelope,2017,0,26.6,0.09,1431.81,0.07,47.13,0.15,0.11,0.12,379.72,1.25,corn
Envelope,2013,0,51.7,0.17,2116.53,0.11,64.27,0.21,0.14,0.18,404.58,1.33,corn
Envelope,2016,0,51.7,0.17,2945.04,0.11,71.66,0.24,0.15,0.22,404.5,1.33,corn
Envelope,2014,0,51.8,0.17,598.92,0.11,68.32,0.22,0.14,0.05,429.52,1.41,corn
Envelope,2015,0,51.8,0.17,2093.1,0.11,66.65,0.22,0.13,0.17,429.47,1.41,corn
Envelope,2018,0,52,0.17,1800.05,0.1,66.95,0.22,0.12,0.14,479.32,1.57,corn
Envelope,2017,10,62.6,0.21,1435.31,0.15,83.13,0.27,0.19,0.12,343.72,1.13,corn
Envelope,2013,10,90.1,0.3,2146.88,0.2,102.67,0.34,0.22,0.18,366.18,1.2,corn
Envelope,2016,10,90.1,0.3,3060.61,0.2,110.06,0.36,0.23,0.23,366.1,1.2,corn
Envelope,2014,10,92.6,0.3,603.6,0.19,109.12,0.36,0.22,0.05,388.72,1.28,corn
Envelope,2015,10,92.6,0.3,2094.59,0.19,107.45,0.35,0.22,0.17,388.67,1.28,corn
Envelope,2018,10,97.6,0.32,1803.32,0.18,112.55,0.37,0.21,0.14,433.72,1.42,corn
Envelope,2017,20,101.26,0.33,2246.58,0.25,121.79,0.4,0.29,0.19,305.06,1,corn
Envelope,2016,20,131.24,0.43,3436.92,0.29,151.2,0.5,0.32,0.26,324.96,1.07,corn
Envelope,2013,20,131.26,0.43,2245.64,0.29,143.83,0.47,0.31,0.19,325.02,1.07,corn
Envelope,2015,20,136.25,0.45,2115.77,0.28,151.1,0.5,0.3,0.17,345.02,1.13,corn
Envelope,2014,20,136.26,0.45,622.33,0.28,152.78,0.5,0.31,0.05,345.06,1.13,corn
Envelope,2017,30,139.4,0.46,3670.51,0.34,159.93,0.52,0.37,0.31,266.93,0.88,corn
Envelope,2018,20,146.26,0.48,1834.93,0.28,161.21,0.53,0.3,0.15,385.06,1.26,corn
Envelope,2017,0,157.32,0.52,4735.41,0.39,177.85,0.58,0.42,0.4,249,0.82,corn
Envelope,2017,10,181.32,0.59,5145.48,0.45,201.85,0.66,0.47,0.44,225,0.74,corn
Envelope,2017,20,206.32,0.68,6173.61,0.51,226.85,0.74,0.53,0.53,200,0.66,corn
Envelope,2016,0,207.2,0.68,6547.27,0.45,227.16,0.75,0.48,0.49,249,0.82,corn
Envelope,2013,0,207.28,0.68,5372.31,0.45,219.85,0.72,0.47,0.45,249,0.82,corn
Envelope,2015,0,207.37,0.68,4868.52,0.43,222.22,0.73,0.45,0.4,273.9,0.9,corn
Envelope,2016,10,231.2,0.76,6984.97,0.51,251.16,0.82,0.53,0.53,225,0.74,corn
Envelope,2013,10,231.28,0.76,5836.38,0.51,243.85,0.8,0.52,0.49,225,0.74,corn
Envelope,2017,30,231.32,0.76,7247.61,0.57,251.85,0.83,0.59,0.62,175,0.57,corn
Envelope,2015,10,233.77,0.77,5239.65,0.49,248.62,0.82,0.5,0.43,247.5,0.81,corn
Envelope,2016,20,256.2,0.84,8009.29,0.56,276.16,0.91,0.58,0.6,200,0.66,corn
Envelope,2013,20,256.28,0.84,6802.22,0.56,268.85,0.88,0.57,0.57,200,0.66,corn
Envelope,2017,40,256.32,0.84,8221.49,0.63,276.85,0.91,0.65,0.7,150,0.49,corn
Envelope,2014,0,257.22,0.84,5704.77,0.53,273.74,0.9,0.55,0.47,224.1,0.74,corn
Envelope,2018,0,257.42,0.84,5229.15,0.48,272.37,0.89,0.5,0.42,273.9,0.9,corn
Envelope,2015,20,261.27,0.86,6215.54,0.54,276.12,0.91,0.56,0.51,220,0.72,corn
Envelope,2014,10,278.82,0.91,6168.36,0.58,295.34,0.97,0.59,0.51,202.5,0.66,corn
Envelope,2016,30,281.2,0.92,9100.11,0.62,301.16,0.99,0.63,0.69,175,0.57,corn
Envelope,2013,30,281.28,0.92,7763.6,0.62,293.85,0.96,0.63,0.65,175,0.57,corn
Envelope,2017,50,281.32,0.92,9268.82,0.69,301.85,0.99,0.71,0.79,125,0.41,corn
Envelope,2018,10,283.82,0.93,5648.52,0.53,298.77,0.98,0.55,0.45,247.5,0.81,corn
Envelope,2015,30,288.77,0.95,7379.87,0.6,303.62,1,0.61,0.61,192.5,0.63,corn
Envelope,2014,20,301.32,0.99,7135.72,0.63,317.84,1.04,0.64,0.59,180,0.59,corn
Envelope,2016,40,306.2,1,10050.67,0.67,326.16,1.07,0.68,0.76,150,0.49,corn
Envelope,2013,40,306.28,1,8703.8,0.67,318.85,1.05,0.68,0.73,150,0.49,corn
Envelope,2017,60,306.32,1,10182.3,0.75,326.85,1.07,0.77,0.87,100,0.33,corn
Envelope,2018,20,311.32,1.02,6765.79,0.59,326.27,1.07,0.6,0.54,220,0.72,corn
Envelope,2015,40,316.27,1.04,8435.13,0.66,331.12,1.09,0.67,0.69,165,0.54,corn
Envelope,2014,30,323.82,1.06,8130.96,0.67,340.34,1.12,0.68,0.67,157.5,0.52,corn
Envelope,2016,50,331.2,1.09,10920.85,0.73,351.16,1.15,0.74,0.82,125,0.41,corn
Envelope,2013,50,331.28,1.09,9610.2,0.73,343.85,1.13,0.73,0.8,125,0.41,corn
Envelope,2017,70,331.32,1.09,11118.21,0.82,351.85,1.15,0.82,0.95,75,0.25,corn
Envelope,2018,30,338.82,1.11,7904.82,0.64,353.77,1.16,0.65,0.63,192.5,0.63,corn
Envelope,2015,50,343.77,1.13,9404.43,0.71,358.62,1.18,0.72,0.77,137.5,0.45,corn
Envelope,2014,40,346.32,1.14,9132.06,0.72,362.84,1.19,0.73,0.76,135,0.44,corn
Envelope,2016,60,356.2,1.17,11765,0.78,376.16,1.23,0.79,0.89,100,0.33,corn
Envelope,2013,60,356.28,1.17,10570.26,0.78,368.85,1.21,0.79,0.88,100,0.33,corn
Envelope,2017,80,356.32,1.17,11691.29,0.88,376.85,1.24,0.88,1,50,0.16,corn
Envelope,2018,40,366.32,1.2,8994.28,0.69,381.27,1.25,0.7,0.72,165,0.54,corn
Envelope,2014,50,368.82,1.21,10060.49,0.77,385.34,1.26,0.77,0.83,112.5,0.37,corn
Envelope,2015,60,371.27,1.22,10374.73,0.77,386.12,1.27,0.78,0.85,110,0.36,corn
Envelope,2016,70,381.2,1.25,12580.81,0.84,401.16,1.32,0.84,0.95,75,0.25,corn
Envelope,2013,70,381.28,1.25,11540.63,0.84,393.85,1.29,0.84,0.96,75,0.25,corn
Envelope,2017,90,381.32,1.25,11704.25,0.94,401.85,1.32,0.94,1,25,0.08,corn
Envelope,2014,60,391.32,1.28,10922.1,0.81,407.84,1.34,0.82,0.91,90,0.3,corn
Envelope,2018,50,393.82,1.29,9950.68,0.74,408.77,1.34,0.75,0.8,137.5,0.45,corn
Envelope,2015,70,398.77,1.31,11218.51,0.83,413.62,1.36,0.83,0.92,82.5,0.27,corn
Envelope,2016,80,406.2,1.33,13112.39,0.89,426.16,1.4,0.89,0.99,50,0.16,corn
Envelope,2013,80,406.28,1.33,11996.89,0.89,418.85,1.37,0.89,1,50,0.16,corn
Envelope,2017,100,406.32,1.33,11704.25,1,426.85,1.4,1,1,0,0,corn
Envelope,2014,70,413.82,1.36,11693.82,0.86,430.34,1.41,0.86,0.97,67.5,0.22,corn
Envelope,2018,60,421.32,1.38,10859.26,0.79,436.27,1.43,0.8,0.87,110,0.36,corn
Envelope,2015,80,426.27,1.4,11920.81,0.89,441.12,1.45,0.89,0.98,55,0.18,corn
Envelope,2016,90,431.2,1.41,13231.99,0.95,451.16,1.48,0.95,1,25,0.08,corn
Envelope,2013,90,431.28,1.41,11998.09,0.95,443.85,1.46,0.95,1,25,0.08,corn
Envelope,2014,80,436.32,1.43,12045.24,0.91,452.84,1.49,0.91,1,45,0.15,corn
Envelope,2018,70,448.82,1.47,11763.33,0.84,463.77,1.52,0.85,0.94,82.5,0.27,corn
Envelope,2015,90,453.77,1.49,12113.1,0.94,468.62,1.54,0.94,1,27.5,0.09,corn
Envelope,2016,100,456.2,1.5,13241.38,1,476.16,1.56,1,1,0,0,corn
Envelope,2013,100,456.28,1.5,11998.09,1,468.85,1.54,1,1,0,0,corn
Envelope,2014,90,458.82,1.51,12050.34,0.95,475.34,1.56,0.95,1,22.5,0.07,corn
Envelope,2018,80,476.32,1.56,12301.93,0.9,491.27,1.61,0.9,0.99,55,0.18,corn
Envelope,2015,100,481.27,1.58,12166.71,1,496.12,1.63,1,1,0,0,corn
Envelope,2014,100,481.32,1.58,12050.34,1,497.84,1.63,1,1,0,0,corn
Envelope,2018,90,503.82,1.65,12437.94,0.95,518.77,1.7,0.95,1,27.5,0.09,corn
Envelope,2018,100,531.32,1.74,12461.91,1,546.27,1.79,1,1,0,0,corn
Continuous deficit all growing season (CDAS),2014,0,2.200000033,0.007217848,255.4040808,0.003947799,2.200000033,0.007217848,0.003947799,0.042056659,555.0726002,1.82110439,wheat
Continuous deficit all growing season (CDAS),2014,10,52.6,0.172572184,287.481595,0.094388276,52.6,0.172572184,0.094388276,0.047338771,504.6726002,1.655750054,wheat
Continuous deficit all growing season (CDAS),2014,20,106.45452,0.349260247,364.7358052,0.19102773,106.45452,0.349260247,0.19102773,0.060060001,450.8180802,1.47906199,wheat
Continuous deficit all growing season (CDAS),2014,30,159.6817801,0.523890371,707.7483023,0.286541596,159.6817801,0.523890371,0.286541596,0.116542887,397.5908201,1.304431866,wheat
Continuous deficit all growing season (CDAS),2014,40,212.90904,0.698520495,1179.993064,0.382055461,212.90904,0.698520495,0.382055461,0.194306081,344.3635602,1.129801743,wheat
Continuous deficit all growing season (CDAS),2014,50,266.1363001,0.873150619,1768.715369,0.477569326,266.1363001,0.873150619,0.477569326,0.291249298,291.1363001,0.955171619,wheat
Continuous deficit all growing season (CDAS),2014,60,334.3635602,1.096993343,2664.710205,0.6,334.3635602,1.096993343,0.6,0.438790203,222.90904,0.731328895,wheat
Continuous deficit all growing season (CDAS),2014,70,390.0908198,1.279825565,3421.861978,0.699999999,390.0908198,1.279825565,0.699999999,0.563468218,167.1817804,0.548496672,wheat
Continuous deficit all growing season (CDAS),2014,80,445.8180799,1.462657789,4351.05759,0.8,445.8180799,1.462657789,0.8,0.716476201,111.4545203,0.365664448,wheat
Continuous deficit all growing season (CDAS),2014,90,501.5453401,1.645490014,5636.225474,0.9,501.5453401,1.645490014,0.9,0.928101118,55.7272601,0.182832224,wheat
Continuous deficit all growing season (CDAS),2014,100,557.2726002,1.828322238,6072.857112,1,557.2726002,1.828322238,1,1,0,0,wheat
Continuous deficit all growing season (CDAS),2015,0,2.200000033,0.007217848,44.95554095,0.004131877,2.200000033,0.007217848,0.004131877,0.006878572,530.2456301,1.739651073,wheat
Continuous deficit all growing season (CDAS),2015,10,52.6,0.172572184,44.28409451,0.098789429,52.6,0.172572184,0.098789429,0.006775836,479.8456301,1.574296737,wheat
Continuous deficit all growing season (CDAS),2015,20,106.48913,0.349373797,45.2679762,0.200000007,106.48913,0.349373797,0.200000007,0.006926378,425.9565001,1.397495124,wheat
Continuous deficit all growing season (CDAS),2015,30,159.73369,0.524060679,181.6350616,0.300000002,159.73369,0.524060679,0.300000002,0.027791678,372.7119401,1.222808242,wheat
Continuous deficit all growing season (CDAS),2015,40,212.97825,0.698747562,698.7845175,0.399999996,212.97825,0.698747562,0.399999996,0.106919856,319.4673801,1.048121359,wheat
Continuous deficit all growing season (CDAS),2015,50,266.22281,0.873434444,1444.770857,0.499999991,266.22281,0.873434444,0.499999991,0.221061983,266.2228201,0.873434477,wheat
Continuous deficit all growing season (CDAS),2015,60,319.46738,1.048121359,2186.96777,0.600000004,319.46738,1.048121359,0.600000004,0.334624297,212.9782501,0.698747562,wheat
Continuous deficit all growing season (CDAS),2015,70,372.7119398,1.222808241,3225.136933,0.699999998,372.7119398,1.222808241,0.699999998,0.493472833,159.7336903,0.52406068,wheat
Continuous deficit all growing season (CDAS),2015,80,425.9565001,1.397495124,4401.534082,0.799999993,425.9565001,1.397495124,0.799999993,0.673471402,106.48913,0.349373797,wheat
Continuous deficit all growing season (CDAS),2015,90,479.2010598,1.572182005,6000.745618,0.899999986,479.2010598,1.572182005,0.899999986,0.918164096,53.2445703,0.174686916,wheat
Continuous deficit all growing season (CDAS),2015,100,532.4456301,1.746868921,6535.591667,1,532.4456301,1.746868921,1,1,0,0,wheat
Continuous deficit all growing season (CDAS),2016,0,1.800000027,0.005905512,110.1300439,0.004162373,1.800000027,0.005905512,0.004162373,0.016199497,430.6456301,1.412879409,wheat
Continuous deficit all growing season (CDAS),2016,10,42.6,0.139763784,109.65121,0.098509494,42.6,0.139763784,0.098509494,0.016129063,389.8456301,1.279021137,wheat
Continuous deficit all growing season (CDAS),2016,20,86.48913002,0.283756997,155.7111221,0.200000009,86.48913002,0.283756997,0.200000009,0.022904212,345.9565001,1.135027924,wheat
Continuous deficit all growing season (CDAS),2016,30,129.73369,0.425635479,407.579596,0.300000002,129.73369,0.425635479,0.300000002,0.059952617,302.7119401,0.993149442,wheat
Continuous deficit all growing season (CDAS),2016,40,172.97825,0.567513962,1097.692002,0.399999995,172.97825,0.567513962,0.399999995,0.161464187,259.4673801,0.851270959,wheat
Continuous deficit all growing season (CDAS),2016,50,216.22281,0.709392444,1910.891735,0.499999988,216.22281,0.709392444,0.499999988,0.281081196,216.2228201,0.709392477,wheat
Continuous deficit all growing season (CDAS),2016,60,259.46738,0.851270959,2798.565763,0.600000004,259.46738,0.851270959,0.600000004,0.411652946,172.9782501,0.567513962,wheat
Continuous deficit all growing season (CDAS),2016,70,302.7119398,0.993149441,3970.287569,0.699999997,302.7119398,0.993149441,0.699999997,0.584006492,129.7336903,0.42563548,wheat
Continuous deficit all growing season (CDAS),2016,80,345.9565001,1.135027924,5497.4921,0.799999991,345.9565001,1.135027924,0.799999991,0.808649505,86.48913,0.283756997,wheat
Continuous deficit all growing season (CDAS),2016,90,389.2010598,1.276906405,6599.210536,0.899999983,389.2010598,1.276906405,0.899999983,0.970705958,43.2445703,0.141878516,wheat
Continuous deficit all growing season (CDAS),2016,100,432.4456301,1.418784921,6798.36204,1,432.4456301,1.418784921,1,1,0,0,wheat
Continuous deficit all growing season (CDAS),2017,0,1.900000028,0.006233596,28.12170033,0.004154016,1.900000028,0.006233596,0.004154016,0.004765128,455.48873,1.494385645,wheat
Continuous deficit all growing season (CDAS),2017,10,45.1,0.147965884,32.73121439,0.098603217,45.1,0.147965884,0.098603217,0.005546195,412.28873,1.352653357,wheat
Continuous deficit all growing season (CDAS),2017,20,91.47774994,0.300123861,237.350369,0.200000009,91.47774994,0.300123861,0.200000009,0.040218228,365.9109801,1.20049538,wheat
Continuous deficit all growing season (CDAS),2017,30,137.21662,0.450185776,847.1084496,0.300000002,137.21662,0.450185776,0.300000002,0.1435397,320.17211,1.050433465,wheat
Continuous deficit all growing season (CDAS),2017,40,182.9554901,0.60024769,1343.719307,0.399999996,182.9554901,0.60024769,0.399999996,0.227688753,274.4332399,0.900371551,wheat
Continuous deficit all growing season (CDAS),2017,50,228.69437,0.750309637,1941.454579,0.500000011,228.69437,0.750309637,0.500000011,0.328973,228.69436,0.750309604,wheat
Continuous deficit all growing season (CDAS),2017,60,274.4332399,0.900371551,2870.140851,0.600000004,274.4332399,0.900371551,0.600000004,0.48633579,182.9554901,0.60024769,wheat
Continuous deficit all growing season (CDAS),2017,70,320.1721101,1.050433466,3880.127018,0.699999998,320.1721101,1.050433466,0.699999998,0.657474576,137.2166199,0.450185775,wheat
Continuous deficit all growing season (CDAS),2017,80,365.9109902,1.200495413,4692.725899,0.800000014,365.9109902,1.200495413,0.800000014,0.795166745,91.4777398,0.300123828,wheat
Continuous deficit all growing season (CDAS),2017,90,411.6498599,1.350557326,5522.654248,0.900000006,411.6498599,1.350557326,0.900000006,0.935795334,45.7388701,0.150061915,wheat
Continuous deficit all growing season (CDAS),2017,100,457.38873,1.500619241,5901.562068,1,457.38873,1.500619241,1,1,0,0,wheat
Continuous deficit all growing season (CDAS),2018,0,1.900000028,0.006233596,300.2639836,0.004153499,1.900000028,0.006233596,0.004153499,0.044997157,455.5456301,1.494572325,wheat
Continuous deficit all growing season (CDAS),2018,10,45.1,0.147965884,317.4752051,0.098590952,45.1,0.147965884,0.098590952,0.047576407,412.3456301,1.352840037,wheat
Continuous deficit all growing season (CDAS),2018,20,91.48913002,0.300161197,356.3954977,0.200000009,91.48913002,0.300161197,0.200000009,0.05340895,365.9565001,1.200644724,wheat
Continuous deficit all growing season (CDAS),2018,30,137.23369,0.450241779,1008.404477,0.300000002,137.23369,0.450241779,0.300000002,0.151118138,320.2119401,1.050564142,wheat
Continuous deficit all growing season (CDAS),2018,40,182.97825,0.600322362,1810.825311,0.399999996,182.97825,0.600322362,0.399999996,0.271367845,274.4673801,0.900483559,wheat
Continuous deficit all growing season (CDAS),2018,50,228.72281,0.750402944,2464.463842,0.499999989,228.72281,0.750402944,0.499999989,0.369321236,228.7228201,0.750402977,wheat
Continuous deficit all growing season (CDAS),2018,60,274.46738,0.900483559,3287.156975,0.600000004,274.46738,0.900483559,0.600000004,0.492608922,182.9782501,0.600322362,wheat
Continuous deficit all growing season (CDAS),2018,70,320.2119398,1.050564141,4221.493426,0.699999997,320.2119398,1.050564141,0.699999997,0.632627326,137.2336903,0.45024178,wheat
Continuous deficit all growing season (CDAS),2018,80,365.9565001,1.200644724,5183.840711,0.799999991,365.9565001,1.200644724,0.799999991,0.776843395,91.48913,0.300161197,wheat
Continuous deficit all growing season (CDAS),2018,90,411.7010598,1.350725305,6390.45941,0.899999984,411.7010598,1.350725305,0.899999984,0.95766565,45.7445703,0.150080616,wheat
Continuous deficit all growing season (CDAS),2018,100,457.4456301,1.500805921,6672.954606,1,457.4456301,1.500805921,1,1,0,0,wheat
Continuous deficit except during flowering (CDEF),2014,0,52.00000003,0.17060368,1030.275373,0.093311604,52.00000003,0.17060368,0.093311604,0.169652497,505.2726002,1.657718558,wheat
Continuous deficit except during flowering (CDEF),2014,10,97.6,0.320209984,1058.040167,0.175138702,97.6,0.320209984,0.175138702,0.174224446,459.6726002,1.508112254,wheat
Continuous deficit except during flowering (CDEF),2014,20,146.45452,0.480493847,1139.151053,0.262805887,146.45452,0.480493847,0.262805887,0.187580744,410.8180802,1.34782839,wheat
Continuous deficit except during flowering (CDEF),2014,30,194.6817801,0.638719771,1481.698748,0.349347483,194.6817801,0.638719771,0.349347483,0.243987092,362.5908201,1.189602466,wheat
Continuous deficit except during flowering (CDEF),2014,40,242.90904,0.796945695,1925.163617,0.435889078,242.90904,0.796945695,0.435889078,0.317011183,314.3635602,1.031376543,wheat
Continuous deficit except during flowering (CDEF),2014,50,303.6363001,0.996182119,2542.458113,0.544861348,303.6363001,0.996182119,0.544861348,0.418659301,253.6363001,0.832140119,wheat
Continuous deficit except during flowering (CDEF),2014,60,354.3635602,1.162610143,3229.687073,0.635889078,354.3635602,1.162610143,0.635889078,0.531823327,202.90904,0.665712095,wheat
Continuous deficit except during flowering (CDEF),2014,70,405.0908198,1.329038165,3915.589819,0.726916808,405.0908198,1.329038165,0.726916808,0.644768969,152.1817804,0.499284072,wheat
Continuous deficit except during flowering (CDEF),2014,80,455.8180799,1.495466189,4691.954738,0.817944539,455.8180799,1.495466189,0.817944539,0.772610758,101.4545203,0.332856048,wheat
Continuous deficit except during flowering (CDEF),2014,90,506.5453401,1.661894214,5721.584637,0.908972269,506.5453401,1.661894214,0.908972269,0.942156967,50.7272601,0.166428024,wheat
Continuous deficit except during flowering (CDEF),2014,100,557.2726002,1.828322238,6072.857112,1,557.2726002,1.828322238,1,1,0,0,wheat
Continuous deficit except during flowering (CDEF),2015,0,52.00000003,0.17060368,877.2132628,0.097662554,52.00000003,0.17060368,0.097662554,0.134220941,480.4456301,1.576265241,wheat
Continuous deficit except during flowering (CDEF),2015,10,97.6,0.320209984,898.172885,0.183305101,97.6,0.320209984,0.183305101,0.137427938,434.8456301,1.426658937,wheat
Continuous deficit except during flowering (CDEF),2015,20,146.48913,0.480607397,959.0410666,0.275125049,146.48913,0.480607397,0.275125049,0.146741277,385.9565001,1.266261524,wheat
Continuous deficit except during flowering (CDEF),2015,30,194.73369,0.638890079,1452.541154,0.365734413,194.73369,0.638890079,0.365734413,0.222250904,337.7119401,1.107978842,wheat
Continuous deficit except during flowering (CDEF),2015,40,242.97825,0.797172762,1949.782407,0.456343777,242.97825,0.797172762,0.456343777,0.29833296,289.4673801,0.949696159,wheat
Continuous deficit except during flowering (CDEF),2015,50,291.22281,0.955455444,2624.247735,0.546953141,291.22281,0.955455444,0.546953141,0.401531777,241.2228201,0.791413477,wheat
Continuous deficit except during flowering (CDEF),2015,60,339.46738,1.113738159,3555.058072,0.637562524,339.46738,1.113738159,0.637562524,0.543953517,192.9782501,0.633130762,wheat
Continuous deficit except during flowering (CDEF),2015,70,387.7119398,1.272020841,4337.970953,0.728171888,387.7119398,1.272020841,0.728171888,0.663745713,144.7336903,0.47484808,wheat
Continuous deficit except during flowering (CDEF),2015,80,435.9565001,1.430303524,5002.71902,0.818781253,435.9565001,1.430303524,0.818781253,0.765457708,96.48913,0.316565397,wheat
Continuous deficit except during flowering (CDEF),2015,90,484.2010598,1.588586205,6159.658415,0.909390616,484.2010598,1.588586205,0.909390616,0.942479079,48.2445703,0.158282716,wheat
Continuous deficit except during flowering (CDEF),2015,100,532.4456301,1.746868921,6535.591667,1,532.4456301,1.746868921,1,1,0,0,wheat
Continuous deficit except during flowering (CDEF),2016,0,51.60000002,0.169291344,1667.357481,0.119321358,51.60000002,0.169291344,0.119321358,0.245258707,380.8456301,1.249493577,wheat
Continuous deficit except during flowering (CDEF),2016,10,87.6,0.287401584,1679.036261,0.202568818,87.6,0.287401584,0.202568818,0.246976588,344.8456301,1.131383337,wheat
Continuous deficit except during flowering (CDEF),2016,20,126.48913,0.414990597,1786.439138,0.292497186,126.48913,0.414990597,0.292497186,0.262774934,305.9565001,1.003794324,wheat
Continuous deficit except during flowering (CDEF),2016,30,164.73369,0.540464879,2132.325029,0.380935032,164.73369,0.540464879,0.380935032,0.313652762,267.7119401,0.878320042,wheat
Continuous deficit except during flowering (CDEF),2016,40,202.97825,0.665939162,2864.368559,0.469372878,202.97825,0.665939162,0.469372878,0.421332159,229.4673801,0.752845759,wheat
Continuous deficit except during flowering (CDEF),2016,50,241.22281,0.791413444,3525.903129,0.557810724,241.22281,0.791413444,0.557810724,0.518640094,191.2228201,0.627371477,wheat
Continuous deficit except during flowering (CDEF),2016,60,279.46738,0.916887759,4164.36403,0.646248593,279.46738,0.916887759,0.646248593,0.612554025,152.9782501,0.501897162,wheat
Continuous deficit except during flowering (CDEF),2016,70,317.7119398,1.042362041,4935.117548,0.734686438,317.7119398,1.042362041,0.734686438,0.725927439,114.7336903,0.37642288,wheat
Continuous deficit except during flowering (CDEF),2016,80,355.9565001,1.167836324,5824.597792,0.823124285,355.9565001,1.167836324,0.823124285,0.856764873,76.48913,0.250948597,wheat
Continuous deficit except during flowering (CDEF),2016,90,394.2010598,1.293310605,6673.852053,0.91156213,394.2010598,1.293310605,0.91156213,0.981685296,38.2445703,0.125474316,wheat
Continuous deficit except during flowering (CDEF),2016,100,432.4456301,1.418784921,6798.36204,1,432.4456301,1.418784921,1,1,0,0,wheat
Continuous deficit except during flowering (CDEF),2017,0,51.70000003,0.169619428,1549.159622,0.113032956,51.70000003,0.169619428,0.113032956,0.262499929,405.68873,1.330999813,wheat
Continuous deficit except during flowering (CDEF),2017,10,90.1,0.295603684,1553.814571,0.196987801,90.1,0.295603684,0.196987801,0.263288694,367.28873,1.205015557,wheat
Continuous deficit except during flowering (CDEF),2017,20,131.4777499,0.431357461,1676.792272,0.287452972,131.4777499,0.431357461,0.287452972,0.284126855,325.9109801,1.06926178,wheat
Continuous deficit except during flowering (CDEF),2017,30,172.21662,0.565015176,2249.725933,0.376521345,172.21662,0.565015176,0.376521345,0.381208552,285.17211,0.935604065,wheat
Continuous deficit except during flowering (CDEF),2017,40,212.9554901,0.69867289,2725.414851,0.465589719,212.9554901,0.69867289,0.465589719,0.461812452,244.4332399,0.801946351,wheat
Continuous deficit except during flowering (CDEF),2017,50,253.69437,0.832330637,3351.777901,0.554658113,253.69437,0.832330637,0.554658113,0.567947581,203.69436,0.668288604,wheat
Continuous deficit except during flowering (CDEF),2017,60,294.4332399,0.965988351,3873.063641,0.643726486,294.4332399,0.965988351,0.643726486,0.65627771,162.9554901,0.53463089,wheat
Continuous deficit except during flowering (CDEF),2017,70,335.1721101,1.099646066,4354.174403,0.732794859,335.1721101,1.099646066,0.732794859,0.737800324,122.2166199,0.400973175,wheat
Continuous deficit except during flowering (CDEF),2017,80,375.9109902,1.233303813,4951.86875,0.821863254,375.9109902,1.233303813,0.821863254,0.839077636,81.4777398,0.267315428,wheat
Continuous deficit except during flowering (CDEF),2017,90,416.6498599,1.366961526,5597.409636,0.910931627,416.6498599,1.366961526,0.910931627,0.948462385,40.7388701,0.133657715,wheat
Continuous deficit except during flowering (CDEF),2017,100,457.38873,1.500619241,5901.562068,1,457.38873,1.500619241,1,1,0,0,wheat
Continuous deficit except during flowering (CDEF),2018,0,26.80000003,0.087926512,1255.66094,0.058586197,26.80000003,0.087926512,0.058586197,0.188171659,430.6456301,1.412879409,wheat
Continuous deficit except during flowering (CDEF),2018,10,67.6,0.221784784,1276.733059,0.147777125,67.6,0.221784784,0.147777125,0.191329499,389.8456301,1.279021137,wheat
Continuous deficit except during flowering (CDEF),2018,20,111.48913,0.365777997,1321.387928,0.243721052,111.48913,0.365777997,0.243721052,0.198021417,345.9565001,1.135027924,wheat
Continuous deficit except during flowering (CDEF),2018,30,154.73369,0.507656479,2014.50079,0.338255915,154.73369,0.507656479,0.338255915,0.301890378,302.7119401,0.993149442,wheat
Continuous deficit except during flowering (CDEF),2018,40,197.97825,0.649534962,2675.317322,0.432790778,197.97825,0.649534962,0.432790778,0.400919455,259.4673801,0.851270959,wheat
Continuous deficit except during flowering (CDEF),2018,50,241.22281,0.791413444,3225.281663,0.527325641,241.22281,0.791413444,0.527325641,0.483336371,216.2228201,0.709392477,wheat
Continuous deficit except during flowering (CDEF),2018,60,284.46738,0.933291959,3851.491201,0.621860526,284.46738,0.933291959,0.621860526,0.57717929,172.9782501,0.567513962,wheat
Continuous deficit except during flowering (CDEF),2018,70,327.7119398,1.075170441,4582.429506,0.716395388,327.7119398,1.075170441,0.716395388,0.686716721,129.7336903,0.42563548,wheat
Continuous deficit except during flowering (CDEF),2018,80,370.9565001,1.217048924,5398.344231,0.810930252,370.9565001,1.217048924,0.810930252,0.808988604,86.48913,0.283756997,wheat
Continuous deficit except during flowering (CDEF),2018,90,414.2010598,1.358927405,6457.135023,0.905465114,414.2010598,1.358927405,0.905465114,0.967657568,43.2445703,0.141878516,wheat
Continuous deficit except during flowering (CDEF),2018,100,457.4456301,1.500805921,6672.954606,1,457.4456301,1.500805921,1,1,0,0,wheat
Continuous deficit after June 1 (CDAJ1),2014,0,258.4726002,0.848007246,642.874589,0.46381717,258.4726002,0.848007246,0.46381717,0.105860319,298.8,0.980314992,wheat
Continuous deficit after June 1 (CDAJ1),2014,10,287.2726002,0.942495438,956.0422341,0.515497443,287.2726002,0.942495438,0.515497443,0.157428738,270,0.8858268,wheat
Continuous deficit after June 1 (CDAJ1),2014,20,317.2726002,1.040920638,1402.766693,0.56933106,317.2726002,1.040920638,0.56933106,0.230989577,240,0.7874016,wheat
Continuous deficit after June 1 (CDAJ1),2014,30,347.2726002,1.139345838,2071.533509,0.623164678,347.2726002,1.139345838,0.623164678,0.341113494,210,0.6889764,wheat
Continuous deficit after June 1 (CDAJ1),2014,40,377.2726002,1.237771038,3040.43117,0.676998295,377.2726002,1.237771038,0.676998295,0.500659099,180,0.5905512,wheat
Continuous deficit after June 1 (CDAJ1),2014,50,407.2726002,1.336196238,3922.969898,0.730831913,407.2726002,1.336196238,0.730831913,0.645984225,150,0.492126,wheat
Continuous deficit after June 1 (CDAJ1),2014,60,437.2726002,1.434621438,4561.310899,0.78466553,437.2726002,1.434621438,0.78466553,0.751098011,120,0.3937008,wheat
Continuous deficit after June 1 (CDAJ1),2014,70,467.2726002,1.533046638,5157.735983,0.838499148,467.2726002,1.533046638,0.838499148,0.849309623,90,0.2952756,wheat
Continuous deficit after June 1 (CDAJ1),2014,80,497.2726002,1.631471838,5690.114488,0.892332765,497.2726002,1.631471838,0.892332765,0.936974868,60,0.1968504,wheat
Continuous deficit after June 1 (CDAJ1),2014,90,527.2726002,1.729897038,6001.90935,0.946166383,527.2726002,1.729897038,0.946166383,0.988317235,30,0.0984252,wheat
Continuous deficit after June 1 (CDAJ1),2014,100,557.2726002,1.828322238,6072.857112,1,557.2726002,1.828322238,1,1,0,0,wheat
Continuous deficit after June 1 (CDAJ1),2015,0,333.2456301,1.093325593,3839.245219,0.625877294,333.2456301,1.093325593,0.625877294,0.587436519,199.2,0.653543328,wheat
Continuous deficit after June 1 (CDAJ1),2015,10,352.4456301,1.156317721,4034.530806,0.661937314,352.4456301,1.156317721,0.661937314,0.617316842,180,0.5905512,wheat
Continuous deficit after June 1 (CDAJ1),2015,20,372.4456301,1.221934521,4370.697976,0.699499834,372.4456301,1.221934521,0.699499834,0.668753221,160,0.5249344,wheat
Continuous deficit after June 1 (CDAJ1),2015,30,392.4456301,1.287551321,4698.613894,0.737062355,392.4456301,1.287551321,0.737062355,0.718927089,140,0.4593176,wheat
Continuous deficit after June 1 (CDAJ1),2015,40,412.4456301,1.353168121,5160.863349,0.774624876,412.4456301,1.353168121,0.774624876,0.789655109,120,0.3937008,wheat
Continuous deficit after June 1 (CDAJ1),2015,50,432.4456301,1.418784921,5557.268636,0.812187397,432.4456301,1.418784921,0.812187397,0.850308422,100,0.328084,wheat
Continuous deficit after June 1 (CDAJ1),2015,60,452.4456301,1.484401721,5926.846543,0.849749917,452.4456301,1.484401721,0.849749917,0.906856922,80,0.2624672,wheat
Continuous deficit after June 1 (CDAJ1),2015,70,472.4456301,1.550018521,6209.996974,0.887312438,472.4456301,1.550018521,0.887312438,0.950181298,60,0.1968504,wheat
Continuous deficit after June 1 (CDAJ1),2015,80,492.4456301,1.615635321,6427.558928,0.924874959,492.4456301,1.615635321,0.924874959,0.98347009,40,0.1312336,wheat
Continuous deficit after June 1 (CDAJ1),2015,90,512.4456301,1.681252121,6498.494461,0.962437479,512.4456301,1.681252121,0.962437479,0.994323818,20,0.0656168,wheat
Continuous deficit after June 1 (CDAJ1),2015,100,532.4456301,1.746868921,6535.591667,1,532.4456301,1.746868921,1,1,0,0,wheat
Continuous deficit after June 1 (CDAJ1),2016,0,283.0456301,0.928627425,4691.826815,0.654523044,283.0456301,0.928627425,0.654523044,0.69014077,149.4,0.490157496,wheat
Continuous deficit after June 1 (CDAJ1),2016,10,297.4456301,0.975871521,4981.647098,0.687822028,297.4456301,0.975871521,0.687822028,0.732771669,135,0.4429134,wheat
Continuous deficit after June 1 (CDAJ1),2016,20,312.4456301,1.025084121,5296.881866,0.722508469,312.4456301,1.025084121,0.722508469,0.779140892,120,0.3937008,wheat
Continuous deficit after June 1 (CDAJ1),2016,30,327.4456301,1.074296721,5622.94365,0.75719491,327.4456301,1.074296721,0.75719491,0.827102708,105,0.3444882,wheat
Continuous deficit after June 1 (CDAJ1),2016,40,342.4456301,1.123509321,5965.55135,0.791881352,342.4456301,1.123509321,0.791881352,0.877498332,90,0.2952756,wheat
Continuous deficit after June 1 (CDAJ1),2016,50,357.4456301,1.172721921,6287.89226,0.826567793,357.4456301,1.172721921,0.826567793,0.924912828,75,0.246063,wheat
Continuous deficit after June 1 (CDAJ1),2016,60,372.4456301,1.221934521,6501.663441,0.861254234,372.4456301,1.221934521,0.861254234,0.956357341,60,0.1968504,wheat
Continuous deficit after June 1 (CDAJ1),2016,70,387.4456301,1.271147121,6643.974106,0.895940676,387.4456301,1.271147121,0.895940676,0.977290422,45,0.1476378,wheat
Continuous deficit after June 1 (CDAJ1),2016,80,402.4456301,1.320359721,6761.082557,0.930627117,402.4456301,1.320359721,0.930627117,0.994516402,30,0.0984252,wheat
Continuous deficit after June 1 (CDAJ1),2016,90,417.4456301,1.369572321,6777.256628,0.965313559,417.4456301,1.369572321,0.965313559,0.996895515,15,0.0492126,wheat
Continuous deficit after June 1 (CDAJ1),2016,100,432.4456301,1.418784921,6798.36204,1,432.4456301,1.418784921,1,1,0,0,wheat
Continuous deficit after June 1 (CDAJ1),2017,0,183.4887301,0.601997165,327.9191814,0.401165831,183.4887301,0.601997165,0.401165831,0.055564811,273.8999999,0.898622076,wheat
Continuous deficit after June 1 (CDAJ1),2017,10,209.88873,0.688611341,782.1031783,0.458884787,209.88873,0.688611341,0.458884787,0.132524774,247.5,0.8120079,wheat
Continuous deficit after June 1 (CDAJ1),2017,20,237.38873,0.778834441,1527.127528,0.5190087,237.38873,0.778834441,0.5190087,0.258766664,220,0.7217848,wheat
Continuous deficit after June 1 (CDAJ1),2017,30,264.88873,0.869057541,2309.478782,0.579132612,264.88873,0.869057541,0.579132612,0.391333473,192.5,0.6315617,wheat
Continuous deficit after June 1 (CDAJ1),2017,40,292.38873,0.959280641,2982.634271,0.639256525,292.38873,0.959280641,0.639256525,0.505397425,165,0.5413386,wheat
Continuous deficit after June 1 (CDAJ1),2017,50,319.88873,1.049503741,3982.409285,0.699380437,319.88873,1.049503741,0.699380437,0.674805965,137.5,0.4511155,wheat
Continuous deficit after June 1 (CDAJ1),2017,60,347.38873,1.139726841,4466.751542,0.75950435,347.38873,1.139726841,0.75950435,0.756876144,110,0.3608924,wheat
Continuous deficit after June 1 (CDAJ1),2017,70,374.88873,1.229949941,4976.831616,0.819628262,374.88873,1.229949941,0.819628262,0.843307511,82.5,0.2706693,wheat
Continuous deficit after June 1 (CDAJ1),2017,80,402.38873,1.320173041,5476.672684,0.879752175,402.38873,1.320173041,0.879752175,0.928003912,55,0.1804462,wheat
Continuous deficit after June 1 (CDAJ1),2017,90,429.88873,1.410396141,5771.407749,0.939876087,429.88873,1.410396141,0.939876087,0.977945785,27.5,0.0902231,wheat
Continuous deficit after June 1 (CDAJ1),2017,100,457.38873,1.500619241,5901.562068,1,457.38873,1.500619241,1,1,0,0,wheat
Continuous deficit after June 1 (CDAJ1),2018,0,183.5456301,0.602183845,1324.221043,0.401240318,183.5456301,0.602183845,0.401240318,0.198445984,273.9,0.898622076,wheat
Continuous deficit after June 1 (CDAJ1),2018,10,209.9456301,0.688798021,1749.68699,0.458952095,209.9456301,0.688798021,0.458952095,0.262205738,247.5,0.8120079,wheat
Continuous deficit after June 1 (CDAJ1),2018,20,237.4456301,0.779021121,2285.754624,0.519068529,237.4456301,0.779021121,0.519068529,0.342540113,220,0.7217848,wheat
Continuous deficit after June 1 (CDAJ1),2018,30,264.9456301,0.869244221,3060.78822,0.579184962,264.9456301,0.869244221,0.579184962,0.458685605,192.5,0.6315617,wheat
Continuous deficit after June 1 (CDAJ1),2018,40,292.4456301,0.959467321,3879.026741,0.639301396,292.4456301,0.959467321,0.639301396,0.581305729,165,0.5413386,wheat
Continuous deficit after June 1 (CDAJ1),2018,50,319.9456301,1.049690421,4499.269525,0.69941783,319.9456301,1.049690421,0.69941783,0.674254478,137.5,0.4511155,wheat
Continuous deficit after June 1 (CDAJ1),2018,60,347.4456301,1.139913521,5063.622801,0.759534264,347.4456301,1.139913521,0.759534264,0.758827701,110,0.3608924,wheat
Continuous deficit after June 1 (CDAJ1),2018,70,374.9456301,1.230136621,5741.089866,0.819650698,374.9456301,1.230136621,0.819650698,0.860352004,82.5,0.2706693,wheat
Continuous deficit after June 1 (CDAJ1),2018,80,402.4456301,1.320359721,6316.812034,0.879767132,402.4456301,1.320359721,0.879767132,0.946628953,55,0.1804462,wheat
Continuous deficit after June 1 (CDAJ1),2018,90,429.9456301,1.410582821,6622.270615,0.939883566,429.9456301,1.410582821,0.939883566,0.992404565,27.5,0.0902231,wheat
Continuous deficit after June 1 (CDAJ1),2018,100,457.4456301,1.500805921,6672.954606,1,457.4456301,1.500805921,1,1,0,0,wheat
Continuous deficit after flowering (CDAF),2014,0,407.8726002,1.338164742,4479.025167,0.731908585,407.8726002,1.338164742,0.731908585,0.737548255,149.4,0.490157496,wheat
Continuous deficit after flowering (CDAF),2014,10,422.2726002,1.385408838,4655.89366,0.757748721,422.2726002,1.385408838,0.757748721,0.766672684,135,0.4429134,wheat
Continuous deficit after flowering (CDAF),2014,20,437.2726002,1.434621438,4888.458225,0.78466553,437.2726002,1.434621438,0.78466553,0.804968425,120,0.3937008,wheat
Continuous deficit after flowering (CDAF),2014,30,452.2726002,1.483834038,5131.384514,0.811582339,452.2726002,1.483834038,0.811582339,0.844970402,105,0.3444882,wheat
Continuous deficit after flowering (CDAF),2014,40,467.2726002,1.533046638,5352.104626,0.838499148,467.2726002,1.533046638,0.838499148,0.881315751,90,0.2952756,wheat
Continuous deficit after flowering (CDAF),2014,50,482.2726002,1.582259238,5614.318888,0.865415956,482.2726002,1.582259238,0.865415956,0.924493823,75,0.246063,wheat
Continuous deficit after flowering (CDAF),2014,60,497.2726002,1.631471838,5792.963487,0.892332765,497.2726002,1.631471838,0.892332765,0.953910718,60,0.1968504,wheat
Continuous deficit after flowering (CDAF),2014,70,512.2726002,1.680684438,5924.500115,0.919249574,512.2726002,1.680684438,0.919249574,0.975570478,45,0.1476378,wheat
Continuous deficit after flowering (CDAF),2014,80,527.2726002,1.729897038,6041.379215,0.946166383,527.2726002,1.729897038,0.946166383,0.994816625,30,0.0984252,wheat
Continuous deficit after flowering (CDAF),2014,90,542.2726002,1.779109638,6060.190533,0.973083191,542.2726002,1.779109638,0.973083191,0.997914231,15,0.0492126,wheat
Continuous deficit after flowering (CDAF),2014,100,557.2726002,1.828322238,6072.857112,1,557.2726002,1.828322238,1,1,0,0,wheat
Continuous deficit after flowering (CDAF),2015,0,383.0456301,1.256711425,4774.461766,0.71940797,383.0456301,1.256711425,0.71940797,0.730532446,149.4,0.490157496,wheat
Continuous deficit after flowering (CDAF),2015,10,397.4456301,1.303955521,4981.006929,0.746452985,397.4456301,1.303955521,0.746452985,0.762135577,135,0.4429134,wheat
Continuous deficit after flowering (CDAF),2015,20,412.4456301,1.353168121,5247.711209,0.774624876,412.4456301,1.353168121,0.774624876,0.802943555,120,0.3937008,wheat
Continuous deficit after flowering (CDAF),2015,30,427.4456301,1.402380721,5507.083773,0.802796766,427.4456301,1.402380721,0.802796766,0.842629719,105,0.3444882,wheat
Continuous deficit after flowering (CDAF),2015,40,442.4456301,1.451593321,5789.209976,0.830968657,442.4456301,1.451593321,0.830968657,0.88579738,90,0.2952756,wheat
Continuous deficit after flowering (CDAF),2015,50,457.4456301,1.500805921,6077.837552,0.859140547,457.4456301,1.500805921,0.859140547,0.929959805,75,0.246063,wheat
Continuous deficit after flowering (CDAF),2015,60,472.4456301,1.550018521,6252.748525,0.887312438,472.4456301,1.550018521,0.887312438,0.956722642,60,0.1968504,wheat
Continuous deficit after flowering (CDAF),2015,70,487.4456301,1.599231121,6393.774343,0.915484328,487.4456301,1.599231121,0.915484328,0.978300767,45,0.1476378,wheat
Continuous deficit after flowering (CDAF),2015,80,502.4456301,1.648443721,6492.455218,0.943656219,502.4456301,1.648443721,0.943656219,0.993399764,30,0.0984252,wheat
Continuous deficit after flowering (CDAF),2015,90,517.4456301,1.697656321,6514.00821,0.971828109,517.4456301,1.697656321,0.971828109,0.996697551,15,0.0492126,wheat
Continuous deficit after flowering (CDAF),2015,100,532.4456301,1.746868921,6535.591667,1,532.4456301,1.746868921,1,1,0,0,wheat
Continuous deficit after flowering (CDAF),2016,0,307.9456301,1.010320341,5384.51083,0.712102537,307.9456301,1.010320341,0.712102537,0.792030609,124.5,0.40846458,wheat
Continuous deficit after flowering (CDAF),2016,10,319.9456301,1.049690421,5640.292777,0.73985169,319.9456301,1.049690421,0.73985169,0.829654664,112.5,0.3690945,wheat
Continuous deficit after flowering (CDAF),2016,20,332.4456301,1.090700921,5850.426004,0.768757057,332.4456301,1.090700921,0.768757057,0.860564055,100,0.328084,wheat
Continuous deficit after flowering (CDAF),2016,30,344.9456301,1.131711421,6119.723545,0.797662425,344.9456301,1.131711421,0.797662425,0.900176176,87.5,0.2870735,wheat
Continuous deficit after flowering (CDAF),2016,40,357.4456301,1.172721921,6355.136743,0.826567793,357.4456301,1.172721921,0.826567793,0.934804105,75,0.246063,wheat
Continuous deficit after flowering (CDAF),2016,50,369.9456301,1.213732421,6517.220781,0.855473161,369.9456301,1.213732421,0.855473161,0.958645736,62.5,0.2050525,wheat
Continuous deficit after flowering (CDAF),2016,60,382.4456301,1.254742921,6620.624036,0.884378529,382.4456301,1.254742921,0.884378529,0.973855761,50,0.164042,wheat
Continuous deficit after flowering (CDAF),2016,70,394.9456301,1.295753421,6728.959499,0.913283897,394.9456301,1.295753421,0.913283897,0.989791285,37.5,0.1230315,wheat
Continuous deficit after flowering (CDAF),2016,80,407.4456301,1.336763921,6775.691095,0.942189264,407.4456301,1.336763921,0.942189264,0.996665234,25,0.082021,wheat
Continuous deficit after flowering (CDAF),2016,90,419.9456301,1.377774421,6782.540517,0.971094632,419.9456301,1.377774421,0.971094632,0.997672745,12.5,0.0410105,wheat
Continuous deficit after flowering (CDAF),2016,100,432.4456301,1.418784921,6798.36204,1,432.4456301,1.418784921,1,1,0,0,wheat
Continuous deficit after flowering (CDAF),2017,0,332.8887301,1.092154661,4493.448816,0.727802651,332.8887301,1.092154661,0.727802651,0.761399908,124.4999999,0.40846458,wheat
Continuous deficit after flowering (CDAF),2017,10,344.88873,1.131524741,4634.440122,0.75403854,344.88873,1.131524741,0.75403854,0.785290414,112.5,0.3690945,wheat
Continuous deficit after flowering (CDAF),2017,20,357.38873,1.172535241,4858.561375,0.781367591,357.38873,1.172535241,0.781367591,0.823267013,100,0.328084,wheat
Continuous deficit after flowering (CDAF),2017,30,369.88873,1.213545741,5085.065564,0.808696642,369.88873,1.213545741,0.808696642,0.861647392,87.5,0.2870735,wheat
Continuous deficit after flowering (CDAF),2017,40,382.38873,1.254556241,5293.136049,0.836025693,382.38873,1.254556241,0.836025693,0.896904241,75,0.246063,wheat
Continuous deficit after flowering (CDAF),2017,50,394.88873,1.295566741,5490.643806,0.863354744,394.88873,1.295566741,0.863354744,0.930371272,62.5,0.2050525,wheat
Continuous deficit after flowering (CDAF),2017,60,407.38873,1.336577241,5644.831714,0.890683795,407.38873,1.336577241,0.890683795,0.956497898,50,0.164042,wheat
Continuous deficit after flowering (CDAF),2017,70,419.88873,1.377587741,5754.479281,0.918012847,419.88873,1.377587741,0.918012847,0.975077313,37.5,0.1230315,wheat
Continuous deficit after flowering (CDAF),2017,80,432.38873,1.418598241,5834.915234,0.945341898,432.38873,1.418598241,0.945341898,0.988706916,25,0.082021,wheat
Continuous deficit after flowering (CDAF),2017,90,444.88873,1.459608741,5892.604485,0.972670949,444.88873,1.459608741,0.972670949,0.998482167,12.5,0.0410105,wheat
Continuous deficit after flowering (CDAF),2017,100,457.38873,1.500619241,5901.562068,1,457.38873,1.500619241,1,1,0,0,wheat
Continuous deficit after flowering (CDAF),2018,0,283.1456301,0.928955509,4223.990387,0.618971111,283.1456301,0.928955509,0.618971111,0.633001517,174.3,0.571850412,wheat
Continuous deficit after flowering (CDAF),2018,10,299.9456301,0.984073621,4442.952101,0.655696787,299.9456301,0.984073621,0.655696787,0.665814825,157.5,0.5167323,wheat
Continuous deficit after flowering (CDAF),2018,20,317.4456301,1.041488321,4784.839839,0.6939527,317.4456301,1.041488321,0.6939527,0.717049661,140,0.4593176,wheat
Continuous deficit after flowering (CDAF),2018,30,334.9456301,1.098903021,5137.502808,0.732208612,334.9456301,1.098903021,0.732208612,0.769899259,122.5,0.4019029,wheat
Continuous deficit after flowering (CDAF),2018,40,352.4456301,1.156317721,5536.967618,0.770464525,352.4456301,1.156317721,0.770464525,0.829762518,105,0.3444882,wheat
Continuous deficit after flowering (CDAF),2018,50,369.9456301,1.213732421,5873.414028,0.808720437,369.9456301,1.213732421,0.808720437,0.880181925,87.5,0.2870735,wheat
Continuous deficit after flowering (CDAF),2018,60,387.4456301,1.271147121,6171.135933,0.84697635,387.4456301,1.271147121,0.84697635,0.924798129,70,0.2296588,wheat
Continuous deficit after flowering (CDAF),2018,70,404.9456301,1.328561821,6448.749436,0.885232262,404.9456301,1.328561821,0.885232262,0.966400915,52.5,0.1722441,wheat
Continuous deficit after flowering (CDAF),2018,80,422.4456301,1.385976521,6626.808884,0.923488175,422.4456301,1.385976521,0.923488175,0.993084664,35,0.1148294,wheat
Continuous deficit after flowering (CDAF),2018,90,439.9456301,1.443391221,6655.884912,0.961744087,439.9456301,1.443391221,0.961744087,0.997441959,17.5,0.0574147,wheat
Continuous deficit after flowering (CDAF),2018,100,457.4456301,1.500805921,6672.954606,1,457.4456301,1.500805921,1,1,0,0,wheat
Envelope,2014,100,557.2726002,1.828322238,6072.857112,1,557.2726002,1.828322238,1,1,0,0,wheat
Envelope,2014,90,542.2726002,1.779109638,6060.190533,0.973083191,542.2726002,1.779109638,0.973083191,0.997914231,15,0.0492126,wheat
Envelope,2014,80,527.2726002,1.729897038,6041.379215,0.946166383,527.2726002,1.729897038,0.946166383,0.994816625,30,0.0984252,wheat
Envelope,2014,70,512.2726002,1.680684438,5924.500115,0.919249574,512.2726002,1.680684438,0.919249574,0.975570478,45,0.1476378,wheat
Envelope,2014,60,497.2726002,1.631471838,5792.963487,0.892332765,497.2726002,1.631471838,0.892332765,0.953910718,60,0.1968504,wheat
Envelope,2014,50,482.2726002,1.582259238,5614.318888,0.865415956,482.2726002,1.582259238,0.865415956,0.924493823,75,0.246063,wheat
Envelope,2014,40,467.2726002,1.533046638,5352.104626,0.838499148,467.2726002,1.533046638,0.838499148,0.881315751,90,0.2952756,wheat
Envelope,2014,30,452.2726002,1.483834038,5131.384514,0.811582339,452.2726002,1.483834038,0.811582339,0.844970402,105,0.3444882,wheat
Envelope,2014,20,437.2726002,1.434621438,4888.458225,0.78466553,437.2726002,1.434621438,0.78466553,0.804968425,120,0.3937008,wheat
Envelope,2014,10,422.2726002,1.385408838,4655.89366,0.757748721,422.2726002,1.385408838,0.757748721,0.766672684,135,0.4429134,wheat
Envelope,2014,0,407.8726002,1.338164742,4479.025167,0.731908585,407.8726002,1.338164742,0.731908585,0.737548255,149.4,0.490157496,wheat
Envelope,2014,70,405.0908198,1.329038165,3915.589819,0.726916808,405.0908198,1.329038165,0.726916808,0.644768969,152.1817804,0.499284072,wheat
Envelope,2014,60,354.3635602,1.162610143,3229.687073,0.635889078,354.3635602,1.162610143,0.635889078,0.531823327,202.90904,0.665712095,wheat
Envelope,2014,50,303.6363001,0.996182119,2542.458113,0.544861348,303.6363001,0.996182119,0.544861348,0.418659301,253.6363001,0.832140119,wheat
Envelope,2014,40,242.90904,0.796945695,1925.163617,0.435889078,242.90904,0.796945695,0.435889078,0.317011183,314.3635602,1.031376543,wheat
Envelope,2014,30,194.6817801,0.638719771,1481.698748,0.349347483,194.6817801,0.638719771,0.349347483,0.243987092,362.5908201,1.189602466,wheat
Envelope,2014,20,146.45452,0.480493847,1139.151053,0.262805887,146.45452,0.480493847,0.262805887,0.187580744,410.8180802,1.34782839,wheat
Envelope,2014,10,97.6,0.320209984,1058.040167,0.175138702,97.6,0.320209984,0.175138702,0.174224446,459.6726002,1.508112254,wheat
Envelope,2014,0,52.00000003,0.17060368,1030.275373,0.093311604,52.00000003,0.17060368,0.093311604,0.169652497,505.2726002,1.657718558,wheat
Envelope,2015,100,532.4456301,1.746868921,6535.591667,1,532.4456301,1.746868921,1,1,0,0,wheat
Envelope,2015,90,517.4456301,1.697656321,6514.00821,0.971828109,517.4456301,1.697656321,0.971828109,0.996697551,15,0.0492126,wheat
Envelope,2015,80,502.4456301,1.648443721,6492.455218,0.943656219,502.4456301,1.648443721,0.943656219,0.993399764,30,0.0984252,wheat
Envelope,2015,70,487.4456301,1.599231121,6393.774343,0.915484328,487.4456301,1.599231121,0.915484328,0.978300767,45,0.1476378,wheat
Envelope,2015,60,472.4456301,1.550018521,6252.748525,0.887312438,472.4456301,1.550018521,0.887312438,0.956722642,60,0.1968504,wheat
Envelope,2015,50,457.4456301,1.500805921,6077.837552,0.859140547,457.4456301,1.500805921,0.859140547,0.929959805,75,0.246063,wheat
Envelope,2015,40,442.4456301,1.451593321,5789.209976,0.830968657,442.4456301,1.451593321,0.830968657,0.88579738,90,0.2952756,wheat
Envelope,2015,30,427.4456301,1.402380721,5507.083773,0.802796766,427.4456301,1.402380721,0.802796766,0.842629719,105,0.3444882,wheat
Envelope,2015,20,412.4456301,1.353168121,5247.711209,0.774624876,412.4456301,1.353168121,0.774624876,0.802943555,120,0.3937008,wheat
Envelope,2015,10,397.4456301,1.303955521,4981.006929,0.746452985,397.4456301,1.303955521,0.746452985,0.762135577,135,0.4429134,wheat
Envelope,2015,0,383.0456301,1.256711425,4774.461766,0.71940797,383.0456301,1.256711425,0.71940797,0.730532446,149.4,0.490157496,wheat
Envelope,2015,60,339.46738,1.113738159,3555.058072,0.637562524,339.46738,1.113738159,0.637562524,0.543953517,192.9782501,0.633130762,wheat
Envelope,2015,50,291.22281,0.955455444,2624.247735,0.546953141,291.22281,0.955455444,0.546953141,0.401531777,241.2228201,0.791413477,wheat
Envelope,2015,40,242.97825,0.797172762,1949.782407,0.456343777,242.97825,0.797172762,0.456343777,0.29833296,289.4673801,0.949696159,wheat
Envelope,2015,30,194.73369,0.638890079,1452.541154,0.365734413,194.73369,0.638890079,0.365734413,0.222250904,337.7119401,1.107978842,wheat
Envelope,2015,20,146.48913,0.480607397,959.0410666,0.275125049,146.48913,0.480607397,0.275125049,0.146741277,385.9565001,1.266261524,wheat
Envelope,2015,10,97.6,0.320209984,898.172885,0.183305101,97.6,0.320209984,0.183305101,0.137427938,434.8456301,1.426658937,wheat
Envelope,2015,0,52.00000003,0.17060368,877.2132628,0.097662554,52.00000003,0.17060368,0.097662554,0.134220941,480.4456301,1.576265241,wheat
Envelope,2016,100,432.4456301,1.418784921,6798.36204,1,432.4456301,1.418784921,1,1,0,0,wheat
Envelope,2016,90,419.9456301,1.377774421,6782.540517,0.971094632,419.9456301,1.377774421,0.971094632,0.997672745,12.5,0.0410105,wheat
Envelope,2016,80,407.4456301,1.336763921,6775.691095,0.942189264,407.4456301,1.336763921,0.942189264,0.996665234,25,0.082021,wheat
Envelope,2016,70,394.9456301,1.295753421,6728.959499,0.913283897,394.9456301,1.295753421,0.913283897,0.989791285,37.5,0.1230315,wheat
Envelope,2016,60,382.4456301,1.254742921,6620.624036,0.884378529,382.4456301,1.254742921,0.884378529,0.973855761,50,0.164042,wheat
Envelope,2016,50,369.9456301,1.213732421,6517.220781,0.855473161,369.9456301,1.213732421,0.855473161,0.958645736,62.5,0.2050525,wheat
Envelope,2016,40,357.4456301,1.172721921,6355.136743,0.826567793,357.4456301,1.172721921,0.826567793,0.934804105,75,0.246063,wheat
Envelope,2016,30,344.9456301,1.131711421,6119.723545,0.797662425,344.9456301,1.131711421,0.797662425,0.900176176,87.5,0.2870735,wheat
Envelope,2016,20,332.4456301,1.090700921,5850.426004,0.768757057,332.4456301,1.090700921,0.768757057,0.860564055,100,0.328084,wheat
Envelope,2016,10,319.9456301,1.049690421,5640.292777,0.73985169,319.9456301,1.049690421,0.73985169,0.829654664,112.5,0.3690945,wheat
Envelope,2016,0,307.9456301,1.010320341,5384.51083,0.712102537,307.9456301,1.010320341,0.712102537,0.792030609,124.5,0.40846458,wheat
Envelope,2016,60,279.46738,0.916887759,4164.36403,0.646248593,279.46738,0.916887759,0.646248593,0.612554025,152.9782501,0.501897162,wheat
Envelope,2016,50,241.22281,0.791413444,3525.903129,0.557810724,241.22281,0.791413444,0.557810724,0.518640094,191.2228201,0.627371477,wheat
Envelope,2016,40,202.97825,0.665939162,2864.368559,0.469372878,202.97825,0.665939162,0.469372878,0.421332159,229.4673801,0.752845759,wheat
Envelope,2016,30,164.73369,0.540464879,2132.325029,0.380935032,164.73369,0.540464879,0.380935032,0.313652762,267.7119401,0.878320042,wheat
Envelope,2016,20,126.48913,0.414990597,1786.439138,0.292497186,126.48913,0.414990597,0.292497186,0.262774934,305.9565001,1.003794324,wheat
Envelope,2016,10,87.6,0.287401584,1679.036261,0.202568818,87.6,0.287401584,0.202568818,0.246976588,344.8456301,1.131383337,wheat
Envelope,2016,0,51.60000002,0.169291344,1667.357481,0.119321358,51.60000002,0.169291344,0.119321358,0.245258707,380.8456301,1.249493577,wheat
Envelope,2017,100,457.38873,1.500619241,5901.562068,1,457.38873,1.500619241,1,1,0,0,wheat
Envelope,2017,90,444.88873,1.459608741,5892.604485,0.972670949,444.88873,1.459608741,0.972670949,0.998482167,12.5,0.0410105,wheat
Envelope,2017,80,432.38873,1.418598241,5834.915234,0.945341898,432.38873,1.418598241,0.945341898,0.988706916,25,0.082021,wheat
Envelope,2017,70,419.88873,1.377587741,5754.479281,0.918012847,419.88873,1.377587741,0.918012847,0.975077313,37.5,0.1230315,wheat
Envelope,2017,60,407.38873,1.336577241,5644.831714,0.890683795,407.38873,1.336577241,0.890683795,0.956497898,50,0.164042,wheat
Envelope,2017,50,394.88873,1.295566741,5490.643806,0.863354744,394.88873,1.295566741,0.863354744,0.930371272,62.5,0.2050525,wheat
Envelope,2017,40,382.38873,1.254556241,5293.136049,0.836025693,382.38873,1.254556241,0.836025693,0.896904241,75,0.246063,wheat
Envelope,2017,30,369.88873,1.213545741,5085.065564,0.808696642,369.88873,1.213545741,0.808696642,0.861647392,87.5,0.2870735,wheat
Envelope,2017,20,357.38873,1.172535241,4858.561375,0.781367591,357.38873,1.172535241,0.781367591,0.823267013,100,0.328084,wheat
Envelope,2017,10,344.88873,1.131524741,4634.440122,0.75403854,344.88873,1.131524741,0.75403854,0.785290414,112.5,0.3690945,wheat
Envelope,2017,0,332.8887301,1.092154661,4493.448816,0.727802651,332.8887301,1.092154661,0.727802651,0.761399908,124.4999999,0.40846458,wheat
Envelope,2017,60,294.4332399,0.965988351,3873.063641,0.643726486,294.4332399,0.965988351,0.643726486,0.65627771,162.9554901,0.53463089,wheat
Envelope,2017,50,253.69437,0.832330637,3351.777901,0.554658113,253.69437,0.832330637,0.554658113,0.567947581,203.69436,0.668288604,wheat
Envelope,2017,40,212.9554901,0.69867289,2725.414851,0.465589719,212.9554901,0.69867289,0.465589719,0.461812452,244.4332399,0.801946351,wheat
Envelope,2017,30,172.21662,0.565015176,2249.725933,0.376521345,172.21662,0.565015176,0.376521345,0.381208552,285.17211,0.935604065,wheat
Envelope,2017,20,131.4777499,0.431357461,1676.792272,0.287452972,131.4777499,0.431357461,0.287452972,0.284126855,325.9109801,1.06926178,wheat
Envelope,2017,10,90.1,0.295603684,1553.814571,0.196987801,90.1,0.295603684,0.196987801,0.263288694,367.28873,1.205015557,wheat
Envelope,2017,0,51.70000003,0.169619428,1549.159622,0.113032956,51.70000003,0.169619428,0.113032956,0.262499929,405.68873,1.330999813,wheat
Envelope,2018,100,457.4456301,1.500805921,6672.954606,1,457.4456301,1.500805921,1,1,0,0,wheat
Envelope,2018,90,439.9456301,1.443391221,6655.884912,0.961744087,439.9456301,1.443391221,0.961744087,0.997441959,17.5,0.0574147,wheat
Envelope,2018,80,422.4456301,1.385976521,6626.808884,0.923488175,422.4456301,1.385976521,0.923488175,0.993084664,35,0.1148294,wheat
Envelope,2018,70,404.9456301,1.328561821,6448.749436,0.885232262,404.9456301,1.328561821,0.885232262,0.966400915,52.5,0.1722441,wheat
Envelope,2018,60,387.4456301,1.271147121,6171.135933,0.84697635,387.4456301,1.271147121,0.84697635,0.924798129,70,0.2296588,wheat
Envelope,2018,50,369.9456301,1.213732421,5873.414028,0.808720437,369.9456301,1.213732421,0.808720437,0.880181925,87.5,0.2870735,wheat
Envelope,2018,40,352.4456301,1.156317721,5536.967618,0.770464525,352.4456301,1.156317721,0.770464525,0.829762518,105,0.3444882,wheat
Envelope,2018,30,334.9456301,1.098903021,5137.502808,0.732208612,334.9456301,1.098903021,0.732208612,0.769899259,122.5,0.4019029,wheat
Envelope,2018,20,317.4456301,1.041488321,4784.839839,0.6939527,317.4456301,1.041488321,0.6939527,0.717049661,140,0.4593176,wheat
Envelope,2018,10,299.9456301,0.984073621,4442.952101,0.655696787,299.9456301,0.984073621,0.655696787,0.665814825,157.5,0.5167323,wheat
Envelope,2018,0,283.1456301,0.928955509,4223.990387,0.618971111,283.1456301,0.928955509,0.618971111,0.633001517,174.3,0.571850412,wheat
Envelope,2018,50,241.22281,0.791413444,3225.281663,0.527325641,241.22281,0.791413444,0.527325641,0.483336371,216.2228201,0.709392477,wheat
Envelope,2018,40,197.97825,0.649534962,2675.317322,0.432790778,197.97825,0.649534962,0.432790778,0.400919455,259.4673801,0.851270959,wheat
Envelope,2018,30,154.73369,0.507656479,2014.50079,0.338255915,154.73369,0.507656479,0.338255915,0.301890378,302.7119401,0.993149442,wheat
Envelope,2018,20,111.48913,0.365777997,1321.387928,0.243721052,111.48913,0.365777997,0.243721052,0.198021417,345.9565001,1.135027924,wheat
Envelope,2018,10,67.6,0.221784784,1276.733059,0.147777125,67.6,0.221784784,0.147777125,0.191329499,389.8456301,1.279021137,wheat
Envelope,2018,0,26.80000003,0.087926512,1255.66094,0.058586197,26.80000003,0.087926512,0.058586197,0.188171659,430.6456301,1.412879409,wheat
